Timestamp,Equipment,Target,Current_Value,Valve_Pos
2026-05-08 11:07:19.647,Gas Turbine (RPM),4600,50.0,0
2026-05-08 11:07:20.657,Gas Turbine (RPM),4600,100.0,0
2026-05-08 11:07:21.650,Gas Turbine (RPM),4600,150.0,0
2026-05-08 11:07:22.647,Gas Turbine (RPM),4600,200.0,0
2026-05-08 11:07:23.666,Gas Turbine (RPM),4600,250.0,0
2026-05-08 11:07:24.657,Gas Turbine (RPM),4600,300.0,0
2026-05-08 11:07:27.124,Gas Turbine (RPM),4600,350.0,0
2026-05-08 11:07:27.168,Gas Turbine (RPM),4600,400.0,0
2026-05-08 11:07:27.902,Gas Turbine (RPM),4600,450.0,0
2026-05-08 11:07:28.680,Gas Turbine (RPM),4600,500.0,0
2026-05-08 11:07:29.654,Gas Turbine (RPM),4600,550.0,0
2026-05-08 11:07:30.658,Gas Turbine (RPM),4600,600.0,0
2026-05-08 11:07:31.654,Gas Turbine (RPM),4600,650.0,0
2026-05-08 11:07:32.655,Gas Turbine (RPM),4600,700.0,0
2026-05-08 11:07:33.655,Gas Turbine (RPM),4600,750.0,0
2026-05-08 11:07:34.653,Gas Turbine (RPM),4600,800.0,0
2026-05-08 11:07:35.669,Gas Turbine (RPM),4600,850.0,0
2026-05-08 11:07:36.650,Gas Turbine (RPM),4600,900.0,0
2026-05-08 11:07:37.672,Gas Turbine (RPM),4600,950.0,0
2026-05-08 11:07:38.653,Gas Turbine (RPM),4600,1000.0,0
2026-05-08 11:07:39.647,Gas Turbine (RPM),4600,1050.0,0
2026-05-08 11:07:40.683,Gas Turbine (RPM),4600,1100.0,0
2026-05-08 11:07:41.654,Gas Turbine (RPM),4600,1150.0,0
2026-05-08 11:07:42.678,Gas Turbine (RPM),4600,1200.0,0
2026-05-08 11:07:43.933,Gas Turbine (RPM),4600,1250.0,0
2026-05-08 11:07:44.697,Gas Turbine (RPM),4600,1300.0,0
2026-05-08 11:07:45.651,Gas Turbine (RPM),4600,1350.0,0
2026-05-08 11:07:46.653,Gas Turbine (RPM),4600,1400.0,0
2026-05-08 11:07:47.654,Gas Turbine (RPM),4600,1450.0,0
2026-05-08 11:07:48.651,Gas Turbine (RPM),4600,1500.0,0
2026-05-08 11:07:49.669,Gas Turbine (RPM),4600,1550.0,0
2026-05-08 11:07:50.657,Gas Turbine (RPM),4600,1600.0,0
2026-05-08 11:07:51.668,Gas Turbine (RPM),4600,1650.0,0
2026-05-08 11:07:52.650,Gas Turbine (RPM),4600,1700.0,0
2026-05-08 11:07:53.660,Gas Turbine (RPM),4600,1750.0,0
2026-05-08 11:07:54.655,Gas Turbine (RPM),4600,1800.0,0
2026-05-08 11:07:55.653,Gas Turbine (RPM),4600,1850.0,0
2026-05-08 11:07:56.666,Gas Turbine (RPM),4600,1900.0,0
2026-05-08 11:07:57.652,Gas Turbine (RPM),4600,1950.0,0
2026-05-08 11:07:58.651,Gas Turbine (RPM),4600,2000.0,0
2026-05-08 11:07:59.649,Gas Turbine (RPM),4600,2050.0,0
2026-05-08 11:08:00.651,Gas Turbine (RPM),4600,2100.0,0
2026-05-08 11:08:01.644,Gas Turbine (RPM),4600,2150.0,0
2026-05-08 11:08:02.648,Gas Turbine (RPM),4600,2200.0,0
2026-05-08 11:08:03.648,Gas Turbine (RPM),4600,2250.0,0
2026-05-08 11:08:04.648,Gas Turbine (RPM),4600,2300.0,0
2026-05-08 11:08:05.647,Gas Turbine (RPM),4600,2350.0,0
2026-05-08 11:08:06.650,Gas Turbine (RPM),4600,2400.0,0
2026-05-08 11:08:07.647,Gas Turbine (RPM),4600,2450.0,0
2026-05-08 11:08:08.660,Gas Turbine (RPM),4600,2500.0,0
2026-05-08 11:08:09.645,Gas Turbine (RPM),4600,2550.0,0
2026-05-08 11:08:10.647,Gas Turbine (RPM),4600,2600.0,0
2026-05-08 11:08:11.647,Gas Turbine (RPM),4600,2650.0,0
2026-05-08 11:08:12.649,Gas Turbine (RPM),4600,2700.0,0
2026-05-08 11:08:13.647,Gas Turbine (RPM),4600,2750.0,0
2026-05-08 11:08:14.649,Gas Turbine (RPM),4600,2700.0,0
2026-05-08 11:08:15.647,Gas Turbine (RPM),4600,2650.0,0
2026-05-08 11:08:16.646,Gas Turbine (RPM),4600,3400.0,100
2026-05-08 11:08:17.647,Gas Turbine (RPM),4600,4150.0,100
2026-05-08 11:08:18.646,Gas Turbine (RPM),4600,4900.0,100
2026-05-08 11:08:19.647,Gas Turbine (RPM),4600,5650.0,100
2026-05-08 11:08:20.645,Gas Turbine (RPM),4600,6400.0,100
2026-05-08 11:08:21.646,Gas Turbine (RPM),4600,7150.0,100.0
2026-05-08 11:08:22.646,Gas Turbine (RPM),4600,7100.0,0
2026-05-08 11:08:23.658,Gas Turbine (RPM),4600,7050.0,0
2026-05-08 11:08:24.644,Gas Turbine (RPM),4600,7000.0,0
2026-05-08 11:08:25.653,Gas Turbine (RPM),4600,6950.0,0
2026-05-08 11:08:26.646,Gas Turbine (RPM),4600,6900.0,0
2026-05-08 11:08:27.648,Gas Turbine (RPM),4600,6850.0,0
2026-05-08 11:08:28.652,Gas Turbine (RPM),4600,6800.0,0
2026-05-08 11:08:29.655,Gas Turbine (RPM),4600,6750.0,0
2026-05-08 11:08:30.666,Gas Turbine (RPM),4600,6700.0,0
2026-05-08 11:08:31.658,Gas Turbine (RPM),4600,6650.0,0
2026-05-08 11:08:32.645,Gas Turbine (RPM),4600,6600.0,0
2026-05-08 11:08:33.649,Gas Turbine (RPM),4600,6550.0,0
2026-05-08 11:08:34.654,Gas Turbine (RPM),4600,6500.0,0
2026-05-08 11:08:35.650,Gas Turbine (RPM),4600,6450.0,0
2026-05-08 11:08:36.654,Gas Turbine (RPM),4600,6400.0,0
2026-05-08 11:08:37.646,Gas Turbine (RPM),4600,6350.0,0
2026-05-08 11:08:38.657,Gas Turbine (RPM),4600,6300.0,0
2026-05-08 11:08:39.711,Gas Turbine (RPM),4600,6250.0,0
2026-05-08 11:08:40.662,Gas Turbine (RPM),4600,6200.0,0
2026-05-08 11:08:41.652,Gas Turbine (RPM),4600,6150.0,0
2026-05-08 11:08:42.656,Gas Turbine (RPM),4600,6100.0,0
2026-05-08 11:08:43.658,Gas Turbine (RPM),4600,6050.0,0
2026-05-08 11:08:44.650,Gas Turbine (RPM),4600,6000.0,0
2026-05-08 11:08:45.659,Gas Turbine (RPM),4600,5950.0,0
2026-05-08 11:08:46.658,Gas Turbine (RPM),4600,5900.0,0
2026-05-08 11:08:47.644,Gas Turbine (RPM),4600,5850.0,0
2026-05-08 11:08:48.659,Gas Turbine (RPM),4600,5800.0,0
2026-05-08 11:08:49.652,Gas Turbine (RPM),4600,5750.0,0
2026-05-08 11:08:50.659,Gas Turbine (RPM),4600,5700.0,0
2026-05-08 11:08:51.649,Gas Turbine (RPM),4600,5650.0,0
2026-05-08 11:08:52.653,Gas Turbine (RPM),4600,5600.0,0
2026-05-08 11:08:53.671,Gas Turbine (RPM),4600,5550.0,0
2026-05-08 11:08:54.655,Gas Turbine (RPM),4600,5500.0,0
2026-05-08 11:08:55.656,Gas Turbine (RPM),4600,5450.0,0
2026-05-08 11:08:56.651,Gas Turbine (RPM),4600,5400.0,0
2026-05-08 11:08:57.670,Gas Turbine (RPM),4600,5350.0,0
2026-05-08 11:08:58.648,Gas Turbine (RPM),4600,5300.0,0
2026-05-08 11:08:59.654,Gas Turbine (RPM),4600,5250.0,0
2026-05-08 11:09:00.650,Gas Turbine (RPM),4600,5200.0,0
2026-05-08 11:09:03.127,Gas Turbine (RPM),4600,5150.0,0
2026-05-08 11:09:03.218,Gas Turbine (RPM),4600,5100.0,0
2026-05-08 11:09:05.130,Gas Turbine (RPM),4600,5050.0,0
2026-05-08 11:09:05.193,Gas Turbine (RPM),4600,5000.0,0
2026-05-08 11:09:07.136,Gas Turbine (RPM),4600,4950.0,0
2026-05-08 11:09:07.200,Gas Turbine (RPM),4600,4900.0,0
2026-05-08 11:09:09.131,Gas Turbine (RPM),4600,4850.0,0
2026-05-08 11:09:09.226,Gas Turbine (RPM),4600,4800.0,0
2026-05-08 11:09:11.120,Gas Turbine (RPM),4600,4750.0,0
2026-05-08 11:09:11.172,Gas Turbine (RPM),4600,4700.0,0
2026-05-08 11:09:13.124,Gas Turbine (RPM),4600,4650.0,0
2026-05-08 11:09:13.183,Gas Turbine (RPM),4600,4600.0,0
2026-05-08 11:09:15.122,Gas Turbine (RPM),4600,4550.0,0
2026-05-08 11:09:15.171,Gas Turbine (RPM),4600,4500.0,0
2026-05-08 11:09:17.129,Gas Turbine (RPM),4600,4450.0,0
2026-05-08 11:09:17.168,Gas Turbine (RPM),4600,4400.0,0
2026-05-08 11:09:19.129,Gas Turbine (RPM),4600,4350.0,0
2026-05-08 11:09:19.177,Gas Turbine (RPM),4600,4300.0,0
2026-05-08 11:09:21.127,Gas Turbine (RPM),4600,4250.0,0
2026-05-08 11:09:21.191,Gas Turbine (RPM),4600,4200.0,0
2026-05-08 11:09:23.149,Gas Turbine (RPM),4600,4150.0,0
2026-05-08 11:09:23.217,Gas Turbine (RPM),4600,4100.0,0
2026-05-08 11:09:25.126,Gas Turbine (RPM),4600,4850.0,100
2026-05-08 11:09:25.200,Gas Turbine (RPM),4600,5600.0,100
2026-05-08 11:09:27.116,Gas Turbine (RPM),4600,5550.0,0
2026-05-08 11:09:27.160,Gas Turbine (RPM),4600,5500.0,0
2026-05-08 11:09:29.117,Gas Turbine (RPM),4600,5450.0,0
2026-05-08 11:09:29.173,Gas Turbine (RPM),4600,5400.0,0
2026-05-08 11:09:31.115,Gas Turbine (RPM),4600,5350.0,0
2026-05-08 11:09:31.168,Gas Turbine (RPM),4600,5300.0,0
2026-05-08 11:09:33.118,Gas Turbine (RPM),4600,5250.0,0
2026-05-08 11:09:33.162,Gas Turbine (RPM),4600,5200.0,0
2026-05-08 11:09:35.123,Gas Turbine (RPM),4600,5150.0,0
2026-05-08 11:09:35.169,Gas Turbine (RPM),4600,5100.0,0
2026-05-08 11:09:37.131,Gas Turbine (RPM),4600,5050.0,0
2026-05-08 11:09:37.183,Gas Turbine (RPM),4600,5000.0,0
2026-05-08 11:09:39.121,Gas Turbine (RPM),4600,4950.0,0
2026-05-08 11:09:39.171,Gas Turbine (RPM),4600,4900.0,0
2026-05-08 11:09:41.117,Gas Turbine (RPM),4600,4850.0,0
2026-05-08 11:09:41.169,Gas Turbine (RPM),4600,4800.0,0
2026-05-08 11:09:43.120,Gas Turbine (RPM),4600,4750.0,0
2026-05-08 11:09:43.170,Gas Turbine (RPM),4600,4700.0,0
2026-05-08 11:09:45.116,Gas Turbine (RPM),4600,4650.0,0
2026-05-08 11:09:45.172,Gas Turbine (RPM),4600,4600.0,0
2026-05-08 11:09:47.124,Gas Turbine (RPM),4600,4550.0,0
2026-05-08 11:09:47.188,Gas Turbine (RPM),4600,4500.0,0
2026-05-08 11:09:49.122,Gas Turbine (RPM),4600,4450.0,0
2026-05-08 11:09:49.170,Gas Turbine (RPM),4600,4400.0,0
2026-05-08 11:09:51.127,Gas Turbine (RPM),4600,4350.0,0
2026-05-08 11:09:51.242,Gas Turbine (RPM),4600,4300.0,0
2026-05-08 11:09:53.127,Gas Turbine (RPM),4600,4250.0,0
2026-05-08 11:09:53.171,Gas Turbine (RPM),4600,4200.0,0
2026-05-08 11:09:55.126,Gas Turbine (RPM),4600,4150.0,0
2026-05-08 11:09:55.174,Gas Turbine (RPM),4600,4100.0,0
2026-05-08 11:09:57.116,Gas Turbine (RPM),4600,4850.0,100
2026-05-08 11:09:57.167,Gas Turbine (RPM),4600,5600.0,100
2026-05-08 11:09:59.124,Gas Turbine (RPM),4600,5550.0,0
2026-05-08 11:09:59.190,Gas Turbine (RPM),4600,5500.0,0
2026-05-08 11:10:00.387,Gas Turbine (RPM),4600,5450.0,0
2026-05-08 11:10:00.659,Gas Turbine (RPM),4600,5400.0,0
2026-05-08 11:10:01.656,Gas Turbine (RPM),4600,5350.0,0
2026-05-08 11:10:02.648,Gas Turbine (RPM),4600,5300.0,0
2026-05-08 11:10:03.659,Gas Turbine (RPM),4600,5250.0,0
2026-05-08 11:10:04.654,Gas Turbine (RPM),4600,5200.0,0
2026-05-08 11:10:07.146,Gas Turbine (RPM),4600,5150.0,0
2026-05-08 11:10:07.304,Gas Turbine (RPM),4600,5100.0,0
2026-05-08 11:10:09.119,Gas Turbine (RPM),4600,5050.0,0
2026-05-08 11:10:09.228,Gas Turbine (RPM),4600,5000.0,0
2026-05-08 11:10:11.117,Gas Turbine (RPM),4600,4950.0,0
2026-05-08 11:10:11.179,Gas Turbine (RPM),4600,4900.0,0
2026-05-08 11:10:13.130,Gas Turbine (RPM),4600,4850.0,0
2026-05-08 11:10:13.199,Gas Turbine (RPM),4600,4800.0,0
2026-05-08 11:10:15.132,Gas Turbine (RPM),4600,4750.0,0
2026-05-08 11:10:15.198,Gas Turbine (RPM),4600,4700.0,0
2026-05-08 11:10:17.118,Gas Turbine (RPM),4600,4650.0,0
2026-05-08 11:10:17.175,Gas Turbine (RPM),4600,4600.0,0
2026-05-08 11:10:19.131,Gas Turbine (RPM),4600,4550.0,0
2026-05-08 11:10:19.207,Gas Turbine (RPM),4600,4500.0,0
2026-05-08 11:10:21.134,Gas Turbine (RPM),4600,4450.0,0
2026-05-08 11:10:21.199,Gas Turbine (RPM),4600,4400.0,0
2026-05-08 11:10:23.120,Gas Turbine (RPM),4600,4350.0,0
2026-05-08 11:10:23.169,Gas Turbine (RPM),4600,4300.0,0
2026-05-08 11:10:25.126,Gas Turbine (RPM),4600,4250.0,0
2026-05-08 11:10:25.198,Gas Turbine (RPM),4600,4200.0,0
2026-05-08 11:10:27.123,Gas Turbine (RPM),4600,4150.0,0
2026-05-08 11:10:27.173,Gas Turbine (RPM),4600,4100.0,0
2026-05-08 11:10:29.131,Gas Turbine (RPM),4600,4850.0,100
2026-05-08 11:10:29.197,Gas Turbine (RPM),4600,5600.0,100
2026-05-08 11:10:31.121,Gas Turbine (RPM),4600,5550.0,0
2026-05-08 11:10:31.200,Gas Turbine (RPM),4600,5500.0,0
2026-05-08 11:10:33.127,Gas Turbine (RPM),4600,5450.0,0
2026-05-08 11:10:33.181,Gas Turbine (RPM),4600,5400.0,0
2026-05-08 11:10:35.117,Gas Turbine (RPM),4600,5350.0,0
2026-05-08 11:10:35.179,Gas Turbine (RPM),4600,5300.0,0
2026-05-08 11:10:37.127,Gas Turbine (RPM),4600,5250.0,0
2026-05-08 11:10:37.186,Gas Turbine (RPM),4600,5200.0,0
2026-05-08 11:10:39.123,Gas Turbine (RPM),4600,5150.0,0
2026-05-08 11:10:39.192,Gas Turbine (RPM),4600,5100.0,0
2026-05-08 11:10:41.125,Gas Turbine (RPM),4600,5050.0,0
2026-05-08 11:10:41.193,Gas Turbine (RPM),4600,5000.0,0
2026-05-08 11:10:43.128,Gas Turbine (RPM),4600,4950.0,0
2026-05-08 11:10:43.178,Gas Turbine (RPM),4600,4900.0,0
2026-05-08 11:10:45.119,Gas Turbine (RPM),4600,4850.0,0
2026-05-08 11:10:45.164,Gas Turbine (RPM),4600,4800.0,0
2026-05-08 11:10:47.132,Gas Turbine (RPM),4600,4750.0,0
2026-05-08 11:10:47.188,Gas Turbine (RPM),4600,4700.0,0
2026-05-08 11:10:49.122,Gas Turbine (RPM),4600,4650.0,0
2026-05-08 11:10:49.362,Gas Turbine (RPM),4600,4600.0,0
2026-05-08 11:10:51.122,Gas Turbine (RPM),4600,4550.0,0
2026-05-08 11:10:51.173,Gas Turbine (RPM),4600,4500.0,0
2026-05-08 11:10:53.132,Gas Turbine (RPM),4600,4450.0,0
2026-05-08 11:10:53.213,Gas Turbine (RPM),4600,4400.0,0
2026-05-08 11:10:55.131,Gas Turbine (RPM),4600,4350.0,0
2026-05-08 11:10:55.190,Gas Turbine (RPM),4600,4300.0,0
2026-05-08 11:10:57.127,Gas Turbine (RPM),4600,4250.0,0
2026-05-08 11:10:57.187,Gas Turbine (RPM),4600,4200.0,0
2026-05-08 11:10:59.124,Gas Turbine (RPM),4600,4150.0,0
2026-05-08 11:10:59.169,Gas Turbine (RPM),4600,4100.0,0
2026-05-08 11:11:01.123,Gas Turbine (RPM),4600,4850.0,100
2026-05-08 11:11:01.183,Gas Turbine (RPM),4600,5600.0,100
2026-05-08 11:11:03.120,Gas Turbine (RPM),4600,5550.0,0
2026-05-08 11:11:03.179,Gas Turbine (RPM),4600,5500.0,0
2026-05-08 11:11:05.123,Gas Turbine (RPM),4600,5450.0,0
2026-05-08 11:11:05.173,Gas Turbine (RPM),4600,5400.0,0
2026-05-08 11:11:52.628,Gas Turbine (RPM),4600,5350.0,0
2026-05-08 11:11:53.653,Gas Turbine (RPM),4600,5300.0,0
2026-05-08 11:11:56.119,Gas Turbine (RPM),4600,5250.0,0
2026-05-08 11:11:56.187,Gas Turbine (RPM),4600,5200.0,0
2026-05-08 11:11:58.130,Gas Turbine (RPM),4600,5150.0,0
2026-05-08 11:11:58.180,Gas Turbine (RPM),4600,5100.0,0
2026-05-08 11:12:00.130,Gas Turbine (RPM),4600,5050.0,0
2026-05-08 11:12:00.188,Gas Turbine (RPM),4600,5000.0,0
2026-05-08 11:12:02.129,Gas Turbine (RPM),4600,4950.0,0
2026-05-08 11:12:02.279,Gas Turbine (RPM),4600,4900.0,0
2026-05-08 11:12:04.119,Gas Turbine (RPM),4600,4850.0,0
2026-05-08 11:12:04.175,Gas Turbine (RPM),4600,4800.0,0
2026-05-08 11:12:06.135,Gas Turbine (RPM),4600,4750.0,0
2026-05-08 11:12:06.196,Gas Turbine (RPM),4600,4700.0,0
2026-05-08 11:12:08.131,Gas Turbine (RPM),4600,4650.0,0
2026-05-08 11:12:08.189,Gas Turbine (RPM),4600,4600.0,0
2026-05-08 11:12:10.131,Gas Turbine (RPM),4600,4550.0,0
2026-05-08 11:12:10.185,Gas Turbine (RPM),4600,4500.0,0
2026-05-08 11:12:12.121,Gas Turbine (RPM),4600,4450.0,0
2026-05-08 11:12:12.172,Gas Turbine (RPM),4600,4400.0,0
2026-05-08 11:12:14.126,Gas Turbine (RPM),4600,4350.0,0
2026-05-08 11:12:14.190,Gas Turbine (RPM),4600,4300.0,0
2026-05-08 11:12:16.119,Gas Turbine (RPM),4600,4250.0,0
2026-05-08 11:12:16.181,Gas Turbine (RPM),4600,4200.0,0
2026-05-08 11:12:18.120,Gas Turbine (RPM),4600,4150.0,0
2026-05-08 11:12:18.175,Gas Turbine (RPM),4600,4100.0,0
2026-05-08 11:12:20.128,Gas Turbine (RPM),4600,4850.0,100
2026-05-08 11:12:20.174,Gas Turbine (RPM),4600,5600.0,100
2026-05-08 11:12:22.120,Gas Turbine (RPM),4600,5550.0,0
2026-05-08 11:12:22.164,Gas Turbine (RPM),4600,5500.0,0
2026-05-08 11:12:24.128,Gas Turbine (RPM),4600,5450.0,0
2026-05-08 11:12:24.172,Gas Turbine (RPM),4600,5400.0,0
2026-05-08 11:12:26.128,Gas Turbine (RPM),4600,5350.0,0
2026-05-08 11:12:26.191,Gas Turbine (RPM),4600,5300.0,0
2026-05-08 11:12:28.123,Gas Turbine (RPM),4600,5250.0,0
2026-05-08 11:12:28.198,Gas Turbine (RPM),4600,5200.0,0
2026-05-08 11:12:30.136,Gas Turbine (RPM),4600,5150.0,0
2026-05-08 11:12:30.214,Gas Turbine (RPM),4600,5100.0,0
2026-05-08 11:12:32.116,Gas Turbine (RPM),4600,5050.0,0
2026-05-08 11:12:32.161,Gas Turbine (RPM),4600,5000.0,0
2026-05-08 11:12:34.130,Gas Turbine (RPM),4600,4950.0,0
2026-05-08 11:12:34.175,Gas Turbine (RPM),4600,4900.0,0
2026-05-08 11:12:36.121,Gas Turbine (RPM),4600,4850.0,0
2026-05-08 11:12:36.173,Gas Turbine (RPM),4600,4800.0,0
2026-05-08 11:12:38.124,Gas Turbine (RPM),4600,4750.0,0
2026-05-08 11:12:38.178,Gas Turbine (RPM),4600,4700.0,0
2026-05-08 11:12:40.130,Gas Turbine (RPM),4600,4650.0,0
2026-05-08 11:12:40.180,Gas Turbine (RPM),4600,4600.0,0
2026-05-08 11:12:42.126,Gas Turbine (RPM),4600,4550.0,0
2026-05-08 11:12:42.179,Gas Turbine (RPM),4600,4500.0,0
2026-05-08 11:12:44.122,Gas Turbine (RPM),4600,4450.0,0
2026-05-08 11:12:44.168,Gas Turbine (RPM),4600,4400.0,0
2026-05-08 11:12:46.129,Gas Turbine (RPM),4600,4350.0,0
2026-05-08 11:12:46.186,Gas Turbine (RPM),4600,4300.0,0
2026-05-08 11:12:48.124,Gas Turbine (RPM),4600,4250.0,0
2026-05-08 11:12:48.164,Gas Turbine (RPM),4600,4200.0,0
2026-05-08 11:12:50.116,Gas Turbine (RPM),4600,4150.0,0
2026-05-08 11:12:50.159,Gas Turbine (RPM),4600,4100.0,0
2026-05-08 11:12:52.125,Gas Turbine (RPM),4600,4850.0,100
2026-05-08 11:12:52.170,Gas Turbine (RPM),4600,5600.0,100
2026-05-08 11:12:54.119,Gas Turbine (RPM),4600,5550.0,0
2026-05-08 11:12:54.169,Gas Turbine (RPM),4600,5500.0,0
2026-05-08 11:13:01.118,Gas Turbine (RPM),4600,5450.0,0
2026-05-08 11:13:01.170,Gas Turbine (RPM),4600,5400.0,0
2026-05-08 11:13:03.118,Gas Turbine (RPM),4600,5350.0,0
2026-05-08 11:13:03.167,Gas Turbine (RPM),4600,5300.0,0
2026-05-08 11:13:05.126,Gas Turbine (RPM),4600,5250.0,0
2026-05-08 11:13:05.167,Gas Turbine (RPM),4600,5200.0,0
2026-05-08 11:13:07.139,Gas Turbine (RPM),4600,5150.0,0
2026-05-08 11:13:07.193,Gas Turbine (RPM),4600,5100.0,0
2026-05-08 11:13:09.128,Gas Turbine (RPM),4600,5050.0,0
2026-05-08 11:13:09.185,Gas Turbine (RPM),4600,5000.0,0
2026-05-08 11:13:11.128,Gas Turbine (RPM),4600,4950.0,0
2026-05-08 11:13:11.185,Gas Turbine (RPM),4600,4900.0,0
2026-05-08 11:13:13.127,Gas Turbine (RPM),4600,4850.0,0
2026-05-08 11:13:13.189,Gas Turbine (RPM),4600,4800.0,0
2026-05-08 11:13:15.128,Gas Turbine (RPM),4600,4750.0,0
2026-05-08 11:13:15.172,Gas Turbine (RPM),4600,4700.0,0
2026-05-08 11:13:17.120,Gas Turbine (RPM),4600,4650.0,0
2026-05-08 11:13:17.167,Gas Turbine (RPM),4600,4600.0,0
2026-05-08 11:13:19.123,Gas Turbine (RPM),4600,4550.0,0
2026-05-08 11:13:19.170,Gas Turbine (RPM),4600,4500.0,0
2026-05-08 11:13:21.119,Gas Turbine (RPM),4600,4450.0,0
2026-05-08 11:13:21.179,Gas Turbine (RPM),4600,4400.0,0
2026-05-08 11:13:23.123,Gas Turbine (RPM),4600,4350.0,0
2026-05-08 11:13:23.167,Gas Turbine (RPM),4600,4300.0,0
2026-05-08 11:13:25.133,Gas Turbine (RPM),4600,4250.0,0
2026-05-08 11:13:25.177,Gas Turbine (RPM),4600,4200.0,0
2026-05-08 11:13:27.121,Gas Turbine (RPM),4600,4150.0,0
2026-05-08 11:13:27.167,Gas Turbine (RPM),4600,4100.0,0
2026-05-08 11:13:29.129,Gas Turbine (RPM),4600,4850.0,100
2026-05-08 11:13:29.172,Gas Turbine (RPM),4600,5600.0,100
2026-05-08 11:13:31.124,Gas Turbine (RPM),4600,5550.0,0
2026-05-08 11:13:31.173,Gas Turbine (RPM),4600,5500.0,0
2026-05-08 11:13:33.121,Gas Turbine (RPM),4600,5450.0,0
2026-05-08 11:13:33.168,Gas Turbine (RPM),4600,5400.0,0
2026-05-08 11:13:35.131,Gas Turbine (RPM),4600,5350.0,0
2026-05-08 11:13:35.175,Gas Turbine (RPM),4600,5300.0,0
2026-05-08 11:13:37.128,Gas Turbine (RPM),4600,5250.0,0
2026-05-08 11:13:37.188,Gas Turbine (RPM),4600,5200.0,0
2026-05-08 11:13:39.127,Gas Turbine (RPM),4600,5150.0,0
2026-05-08 11:13:39.172,Gas Turbine (RPM),4600,5100.0,0
2026-05-08 11:13:41.130,Gas Turbine (RPM),4600,5050.0,0
2026-05-08 11:13:41.179,Gas Turbine (RPM),4600,5000.0,0
2026-05-08 11:13:43.138,Gas Turbine (RPM),4600,4950.0,0
2026-05-08 11:13:43.193,Gas Turbine (RPM),4600,4900.0,0
2026-05-08 11:13:45.122,Gas Turbine (RPM),4600,4850.0,0
2026-05-08 11:13:45.165,Gas Turbine (RPM),4600,4800.0,0
2026-05-08 11:13:47.128,Gas Turbine (RPM),4600,4750.0,0
2026-05-08 11:13:47.172,Gas Turbine (RPM),4600,4700.0,0
2026-05-08 11:13:49.124,Gas Turbine (RPM),4600,4650.0,0
2026-05-08 11:13:49.171,Gas Turbine (RPM),4600,4600.0,0
2026-05-08 11:13:51.121,Gas Turbine (RPM),4600,4550.0,0
2026-05-08 11:13:51.170,Gas Turbine (RPM),4600,4500.0,0
2026-05-08 11:13:53.129,Gas Turbine (RPM),4600,4450.0,0
2026-05-08 11:13:53.172,Gas Turbine (RPM),4600,4400.0,0
2026-05-08 11:13:55.123,Gas Turbine (RPM),4600,4350.0,0
2026-05-08 11:13:55.185,Gas Turbine (RPM),4600,4300.0,0
2026-05-08 11:13:57.123,Gas Turbine (RPM),4600,4250.0,0
2026-05-08 11:13:57.171,Gas Turbine (RPM),4600,4200.0,0
2026-05-08 11:13:59.120,Gas Turbine (RPM),4600,4150.0,0
2026-05-08 11:13:59.169,Gas Turbine (RPM),4600,4100.0,0
2026-05-08 11:14:01.027,Gas Turbine (RPM),4600,4850.0,100
2026-05-08 11:14:01.119,Gas Turbine (RPM),4600,5600.0,100
2026-05-08 11:14:01.680,Gas Turbine (RPM),4600,5550.0,0
2026-05-08 11:14:02.655,Gas Turbine (RPM),4600,5500.0,0
2026-05-08 11:14:03.878,Gas Turbine (RPM),4600,5450.0,0
2026-05-08 11:14:04.660,Gas Turbine (RPM),4600,5400.0,0
2026-05-08 11:14:05.657,Gas Turbine (RPM),4600,5350.0,0
2026-05-08 11:14:06.656,Gas Turbine (RPM),4600,5300.0,0
2026-05-08 11:14:08.698,Gas Turbine (RPM),4600,5250.0,0
2026-05-08 11:14:08.707,Gas Turbine (RPM),4600,5200.0,0
2026-05-08 11:14:09.646,Gas Turbine (RPM),4600,5150.0,0
2026-05-08 11:14:10.659,Gas Turbine (RPM),4600,5100.0,0
2026-05-08 11:14:11.654,Gas Turbine (RPM),4600,5050.0,0
2026-05-08 11:14:14.131,Gas Turbine (RPM),4600,5000.0,0
2026-05-08 11:14:14.196,Gas Turbine (RPM),4600,4950.0,0
2026-05-08 11:14:16.127,Gas Turbine (RPM),4600,4900.0,0
2026-05-08 11:14:16.201,Gas Turbine (RPM),4600,4850.0,0
2026-05-08 11:14:18.125,Gas Turbine (RPM),4600,4800.0,0
2026-05-08 11:14:18.263,Gas Turbine (RPM),4600,4750.0,0
2026-05-08 11:14:20.129,Gas Turbine (RPM),4600,4700.0,0
2026-05-08 11:14:20.200,Gas Turbine (RPM),4600,4650.0,0
2026-05-08 11:14:22.122,Gas Turbine (RPM),4600,4600.0,0
2026-05-08 11:14:22.182,Gas Turbine (RPM),4600,4550.0,0
2026-05-08 11:14:24.120,Gas Turbine (RPM),4600,4500.0,0
2026-05-08 11:14:24.166,Gas Turbine (RPM),4600,4450.0,0
2026-05-08 11:14:26.122,Gas Turbine (RPM),4600,4400.0,0
2026-05-08 11:14:26.166,Gas Turbine (RPM),4600,4350.0,0
2026-05-08 11:14:28.118,Gas Turbine (RPM),4600,4300.0,0
2026-05-08 11:14:28.189,Gas Turbine (RPM),4600,4250.0,0
2026-05-08 11:14:30.123,Gas Turbine (RPM),4600,4200.0,0
2026-05-08 11:14:30.179,Gas Turbine (RPM),4600,4150.0,0
2026-05-08 11:14:32.124,Gas Turbine (RPM),4600,4100.0,0
2026-05-08 11:14:32.209,Gas Turbine (RPM),4600,4850.0,100
2026-05-08 11:14:34.128,Gas Turbine (RPM),4600,5600.0,100
2026-05-08 11:14:34.184,Gas Turbine (RPM),4600,5550.0,0
2026-05-08 11:14:36.140,Gas Turbine (RPM),4600,5500.0,0
2026-05-08 11:14:36.193,Gas Turbine (RPM),4600,5450.0,0
2026-05-08 11:14:38.126,Gas Turbine (RPM),4600,5400.0,0
2026-05-08 11:14:38.180,Gas Turbine (RPM),4600,5350.0,0
2026-05-08 11:14:40.134,Gas Turbine (RPM),4600,5300.0,0
2026-05-08 11:14:40.199,Gas Turbine (RPM),4600,5250.0,0
2026-05-08 11:14:40.655,Gas Turbine (RPM),4600,5200.0,0
2026-05-08 11:14:41.647,Gas Turbine (RPM),4600,5150.0,0
2026-05-08 11:14:44.126,Gas Turbine (RPM),4600,5100.0,0
2026-05-08 11:14:44.188,Gas Turbine (RPM),4600,5050.0,0
2026-05-08 11:14:46.119,Gas Turbine (RPM),4600,5000.0,0
2026-05-08 11:14:46.184,Gas Turbine (RPM),4600,4950.0,0
2026-05-08 11:14:48.131,Gas Turbine (RPM),4600,4900.0,0
2026-05-08 11:14:48.178,Gas Turbine (RPM),4600,4850.0,0
2026-05-08 11:14:50.132,Gas Turbine (RPM),4600,4800.0,0
2026-05-08 11:14:50.205,Gas Turbine (RPM),4600,4750.0,0
2026-05-08 11:14:52.128,Gas Turbine (RPM),4600,4700.0,0
2026-05-08 11:14:52.187,Gas Turbine (RPM),4600,4650.0,0
2026-05-08 11:14:54.128,Gas Turbine (RPM),4600,4600.0,0
2026-05-08 11:14:54.210,Gas Turbine (RPM),4600,4550.0,0
2026-05-08 11:14:56.117,Gas Turbine (RPM),4600,4500.0,0
2026-05-08 11:14:56.182,Gas Turbine (RPM),4600,4450.0,0
2026-05-08 11:14:58.129,Gas Turbine (RPM),4600,4400.0,0
2026-05-08 11:14:58.181,Gas Turbine (RPM),4600,4350.0,0
2026-05-08 11:15:00.119,Gas Turbine (RPM),4600,4300.0,0
2026-05-08 11:15:00.168,Gas Turbine (RPM),4600,4250.0,0
2026-05-08 11:15:02.125,Gas Turbine (RPM),4600,4200.0,0
2026-05-08 11:15:02.176,Gas Turbine (RPM),4600,4150.0,0
2026-05-08 11:15:04.128,Gas Turbine (RPM),4600,4100.0,0
2026-05-08 11:15:04.190,Gas Turbine (RPM),4600,4850.0,100
2026-05-08 11:15:06.123,Gas Turbine (RPM),4600,5600.0,100
2026-05-08 11:15:06.184,Gas Turbine (RPM),4600,5550.0,0
2026-05-08 11:15:08.119,Gas Turbine (RPM),4600,5500.0,0
2026-05-08 11:15:08.193,Gas Turbine (RPM),4600,5450.0,0
2026-05-08 11:15:10.127,Gas Turbine (RPM),4600,5400.0,0
2026-05-08 11:15:10.205,Gas Turbine (RPM),4600,5350.0,0
2026-05-08 11:15:12.116,Gas Turbine (RPM),4600,5300.0,0
2026-05-08 11:15:12.175,Gas Turbine (RPM),4600,5250.0,0
2026-05-08 11:15:14.127,Gas Turbine (RPM),4600,5200.0,0
2026-05-08 11:15:14.180,Gas Turbine (RPM),4600,5150.0,0
2026-05-08 11:15:16.132,Gas Turbine (RPM),4600,5100.0,0
2026-05-08 11:15:16.208,Gas Turbine (RPM),4600,5050.0,0
2026-05-08 11:15:18.126,Gas Turbine (RPM),4600,5000.0,0
2026-05-08 11:15:18.173,Gas Turbine (RPM),4600,4950.0,0
2026-05-08 11:15:20.127,Gas Turbine (RPM),4600,4900.0,0
2026-05-08 11:15:20.182,Gas Turbine (RPM),4600,4850.0,0
2026-05-08 11:15:22.116,Gas Turbine (RPM),4600,4800.0,0
2026-05-08 11:15:22.174,Gas Turbine (RPM),4600,4750.0,0
2026-05-08 11:15:24.129,Gas Turbine (RPM),4600,4700.0,0
2026-05-08 11:15:24.191,Gas Turbine (RPM),4600,4650.0,0
2026-05-08 11:15:26.124,Gas Turbine (RPM),4600,4600.0,0
2026-05-08 11:15:26.177,Gas Turbine (RPM),4600,4550.0,0
2026-05-08 11:15:28.125,Gas Turbine (RPM),4600,4500.0,0
2026-05-08 11:15:28.184,Gas Turbine (RPM),4600,4450.0,0
2026-05-08 11:15:30.125,Gas Turbine (RPM),4600,4400.0,0
2026-05-08 11:15:30.176,Gas Turbine (RPM),4600,4350.0,0
2026-05-08 11:15:32.124,Gas Turbine (RPM),4600,4300.0,0
2026-05-08 11:15:32.184,Gas Turbine (RPM),4600,4250.0,0
2026-05-08 11:15:32.801,Gas Turbine (RPM),4600,4200.0,0
2026-05-08 11:15:33.657,Gas Turbine (RPM),4600,4150.0,0
2026-05-08 11:15:35.156,Gas Turbine (RPM),4600,4100.0,0
2026-05-08 11:15:35.660,Gas Turbine (RPM),4600,4850.0,100
2026-05-08 11:15:36.648,Gas Turbine (RPM),4600,5600.0,100
2026-05-08 11:15:39.129,Gas Turbine (RPM),4600,5550.0,0
2026-05-08 11:15:39.193,Gas Turbine (RPM),4600,5500.0,0
2026-05-08 11:15:41.121,Gas Turbine (RPM),4600,5450.0,0
2026-05-08 11:15:41.173,Gas Turbine (RPM),4600,5400.0,0
2026-05-08 11:15:43.126,Gas Turbine (RPM),4600,5350.0,0
2026-05-08 11:15:43.208,Gas Turbine (RPM),4600,5300.0,0
2026-05-08 11:15:45.131,Gas Turbine (RPM),4600,5250.0,0
2026-05-08 11:15:45.194,Gas Turbine (RPM),4600,5200.0,0
2026-05-08 11:15:47.131,Gas Turbine (RPM),4600,5150.0,0
2026-05-08 11:15:47.185,Gas Turbine (RPM),4600,5100.0,0
2026-05-08 11:15:49.122,Gas Turbine (RPM),4600,5050.0,0
2026-05-08 11:15:49.173,Gas Turbine (RPM),4600,5000.0,0
2026-05-08 11:15:51.129,Gas Turbine (RPM),4600,4950.0,0
2026-05-08 11:15:51.198,Gas Turbine (RPM),4600,4900.0,0
2026-05-08 11:15:53.128,Gas Turbine (RPM),4600,4850.0,0
2026-05-08 11:15:53.172,Gas Turbine (RPM),4600,4800.0,0
2026-05-08 11:15:55.123,Gas Turbine (RPM),4600,4750.0,0
2026-05-08 11:15:55.192,Gas Turbine (RPM),4600,4700.0,0
2026-05-08 11:15:57.124,Gas Turbine (RPM),4600,4650.0,0
2026-05-08 11:15:57.187,Gas Turbine (RPM),4600,4600.0,0
2026-05-08 11:15:59.130,Gas Turbine (RPM),4600,4550.0,0
2026-05-08 11:15:59.214,Gas Turbine (RPM),4600,4500.0,0
2026-05-08 11:16:01.128,Gas Turbine (RPM),4600,4450.0,0
2026-05-08 11:16:01.182,Gas Turbine (RPM),4600,4400.0,0
2026-05-08 11:16:03.130,Gas Turbine (RPM),4600,4350.0,0
2026-05-08 11:16:03.188,Gas Turbine (RPM),4600,4300.0,0
2026-05-08 11:16:05.116,Gas Turbine (RPM),4600,4250.0,0
2026-05-08 11:16:05.169,Gas Turbine (RPM),4600,4200.0,0
2026-05-08 11:16:07.129,Gas Turbine (RPM),4600,4150.0,0
2026-05-08 11:16:07.184,Gas Turbine (RPM),4600,4100.0,0
2026-05-08 11:16:09.127,Gas Turbine (RPM),4600,4850.0,100
2026-05-08 11:16:09.179,Gas Turbine (RPM),4600,5600.0,100
2026-05-08 11:16:11.127,Gas Turbine (RPM),4600,5550.0,0
2026-05-08 11:16:11.180,Gas Turbine (RPM),4600,5500.0,0
2026-05-08 11:16:13.127,Gas Turbine (RPM),4600,5450.0,0
2026-05-08 11:16:13.190,Gas Turbine (RPM),4600,5400.0,0
2026-05-08 11:16:15.129,Gas Turbine (RPM),4600,5350.0,0
2026-05-08 11:16:15.185,Gas Turbine (RPM),4600,5300.0,0
2026-05-08 11:16:17.129,Gas Turbine (RPM),4600,5250.0,0
2026-05-08 11:16:17.178,Gas Turbine (RPM),4600,5200.0,0
2026-05-08 11:16:19.126,Gas Turbine (RPM),4600,5150.0,0
2026-05-08 11:16:19.177,Gas Turbine (RPM),4600,5100.0,0
2026-05-08 11:16:21.117,Gas Turbine (RPM),4600,5050.0,0
2026-05-08 11:16:21.192,Gas Turbine (RPM),4600,5000.0,0
2026-05-08 11:16:23.127,Gas Turbine (RPM),4600,4950.0,0
2026-05-08 11:16:23.175,Gas Turbine (RPM),4600,4900.0,0
2026-05-08 11:16:25.120,Gas Turbine (RPM),4600,4850.0,0
2026-05-08 11:16:25.170,Gas Turbine (RPM),4600,4800.0,0
2026-05-08 11:16:27.123,Gas Turbine (RPM),4600,4750.0,0
2026-05-08 11:16:27.178,Gas Turbine (RPM),4600,4700.0,0
2026-05-08 11:16:29.133,Gas Turbine (RPM),4600,4650.0,0
2026-05-08 11:16:29.198,Gas Turbine (RPM),4600,4600.0,0
2026-05-08 11:16:31.119,Gas Turbine (RPM),4600,4550.0,0
2026-05-08 11:16:31.172,Gas Turbine (RPM),4600,4500.0,0
2026-05-08 11:16:33.117,Gas Turbine (RPM),4600,4450.0,0
2026-05-08 11:16:33.165,Gas Turbine (RPM),4600,4400.0,0
2026-05-08 11:16:35.129,Gas Turbine (RPM),4600,4350.0,0
2026-05-08 11:16:35.180,Gas Turbine (RPM),4600,4300.0,0
2026-05-08 11:16:37.121,Gas Turbine (RPM),4600,4250.0,0
2026-05-08 11:16:37.178,Gas Turbine (RPM),4600,4200.0,0
2026-05-08 11:16:42.681,Gas Turbine (RPM),4600,4150.0,0
2026-05-08 11:16:43.648,Gas Turbine (RPM),4600,4100.0,0
2026-05-08 11:16:46.124,Gas Turbine (RPM),4600,4850.0,100
2026-05-08 11:16:46.214,Gas Turbine (RPM),4600,5600.0,100
2026-05-08 11:16:48.126,Gas Turbine (RPM),4600,5550.0,0
2026-05-08 11:16:48.195,Gas Turbine (RPM),4600,5500.0,0
2026-05-08 11:16:50.138,Gas Turbine (RPM),4600,5450.0,0
2026-05-08 11:16:50.204,Gas Turbine (RPM),4600,5400.0,0
2026-05-08 11:16:52.119,Gas Turbine (RPM),4600,5350.0,0
2026-05-08 11:16:52.189,Gas Turbine (RPM),4600,5300.0,0
2026-05-08 11:16:54.125,Gas Turbine (RPM),4600,5250.0,0
2026-05-08 11:16:54.201,Gas Turbine (RPM),4600,5200.0,0
2026-05-08 11:16:56.121,Gas Turbine (RPM),4600,5150.0,0
2026-05-08 11:16:56.181,Gas Turbine (RPM),4600,5100.0,0
2026-05-08 11:16:58.119,Gas Turbine (RPM),4600,5050.0,0
2026-05-08 11:16:58.177,Gas Turbine (RPM),4600,5000.0,0
2026-05-08 11:17:00.138,Gas Turbine (RPM),4600,4950.0,0
2026-05-08 11:17:00.217,Gas Turbine (RPM),4600,4900.0,0
2026-05-08 11:17:02.122,Gas Turbine (RPM),4600,4850.0,0
2026-05-08 11:17:02.173,Gas Turbine (RPM),4600,4800.0,0
2026-05-08 11:17:04.141,Gas Turbine (RPM),4600,4750.0,0
2026-05-08 11:17:04.238,Gas Turbine (RPM),4600,4700.0,0
2026-05-08 11:17:06.134,Gas Turbine (RPM),4600,4650.0,0
2026-05-08 11:17:06.232,Gas Turbine (RPM),4600,4600.0,0
2026-05-08 11:17:08.138,Gas Turbine (RPM),4600,4550.0,0
2026-05-08 11:17:08.191,Gas Turbine (RPM),4600,4500.0,0
2026-05-08 11:17:10.126,Gas Turbine (RPM),4600,4450.0,0
2026-05-08 11:17:10.198,Gas Turbine (RPM),4600,4400.0,0
2026-05-08 11:17:12.125,Gas Turbine (RPM),4600,4350.0,0
2026-05-08 11:17:12.187,Gas Turbine (RPM),4600,4300.0,0
2026-05-08 11:17:14.128,Gas Turbine (RPM),4600,4250.0,0
2026-05-08 11:17:14.183,Gas Turbine (RPM),4600,4200.0,0
2026-05-08 11:17:16.116,Gas Turbine (RPM),4600,4150.0,0
2026-05-08 11:17:16.171,Gas Turbine (RPM),4600,4100.0,0
2026-05-08 11:17:18.125,Gas Turbine (RPM),4600,4850.0,100
2026-05-08 11:17:18.179,Gas Turbine (RPM),4600,5600.0,100
2026-05-08 11:17:20.130,Gas Turbine (RPM),4600,5550.0,0
2026-05-08 11:17:20.174,Gas Turbine (RPM),4600,5500.0,0
2026-05-08 11:17:22.122,Gas Turbine (RPM),4600,5450.0,0
2026-05-08 11:17:22.170,Gas Turbine (RPM),4600,5400.0,0
2026-05-08 11:17:24.126,Gas Turbine (RPM),4600,5350.0,0
2026-05-08 11:17:24.171,Gas Turbine (RPM),4600,5300.0,0
2026-05-08 11:17:26.124,Gas Turbine (RPM),4600,5250.0,0
2026-05-08 11:17:26.176,Gas Turbine (RPM),4600,5200.0,0
2026-05-08 11:17:28.132,Gas Turbine (RPM),4600,5150.0,0
2026-05-08 11:17:28.184,Gas Turbine (RPM),4600,5100.0,0
2026-05-08 11:17:30.132,Gas Turbine (RPM),4600,5050.0,0
2026-05-08 11:17:30.190,Gas Turbine (RPM),4600,5000.0,0
2026-05-08 11:17:32.126,Gas Turbine (RPM),4600,4950.0,0
2026-05-08 11:17:32.174,Gas Turbine (RPM),4600,4900.0,0
2026-05-08 11:17:34.129,Gas Turbine (RPM),4600,4850.0,0
2026-05-08 11:17:34.177,Gas Turbine (RPM),4600,4800.0,0
2026-05-08 11:17:36.131,Gas Turbine (RPM),4600,4750.0,0
2026-05-08 11:17:36.173,Gas Turbine (RPM),4600,4700.0,0
2026-05-08 11:17:38.127,Gas Turbine (RPM),4600,4650.0,0
2026-05-08 11:17:38.174,Gas Turbine (RPM),4600,4600.0,0
2026-05-08 11:17:40.129,Gas Turbine (RPM),4600,4550.0,0
2026-05-08 11:17:40.218,Gas Turbine (RPM),4600,4500.0,0
2026-05-08 11:17:41.700,Gas Turbine (RPM),4600,4450.0,0
2026-05-08 11:17:41.714,Gas Turbine (RPM),4600,4400.0,0
2026-05-08 11:17:44.118,Gas Turbine (RPM),4600,4350.0,0
2026-05-08 11:17:44.164,Gas Turbine (RPM),4600,4300.0,0
2026-05-08 11:17:46.128,Gas Turbine (RPM),4600,4250.0,0
2026-05-08 11:17:46.186,Gas Turbine (RPM),4600,4200.0,0
2026-05-08 11:17:48.128,Gas Turbine (RPM),4600,4150.0,0
2026-05-08 11:17:48.172,Gas Turbine (RPM),4600,4100.0,0
2026-05-08 11:17:50.134,Gas Turbine (RPM),4600,4850.0,100
2026-05-08 11:17:50.194,Gas Turbine (RPM),4600,5600.0,100
2026-05-08 11:17:52.136,Gas Turbine (RPM),4600,5550.0,0
2026-05-08 11:17:52.201,Gas Turbine (RPM),4600,5500.0,0
2026-05-08 11:17:54.122,Gas Turbine (RPM),4600,5450.0,0
2026-05-08 11:17:54.176,Gas Turbine (RPM),4600,5400.0,0
2026-05-08 11:17:56.121,Gas Turbine (RPM),4600,5350.0,0
2026-05-08 11:17:56.172,Gas Turbine (RPM),4600,5300.0,0
2026-05-08 11:17:58.124,Gas Turbine (RPM),4600,5250.0,0
2026-05-08 11:17:58.188,Gas Turbine (RPM),4600,5200.0,0
2026-05-08 11:18:00.135,Gas Turbine (RPM),4600,5150.0,0
2026-05-08 11:18:00.212,Gas Turbine (RPM),4600,5100.0,0
2026-05-08 11:18:02.130,Gas Turbine (RPM),4600,5050.0,0
2026-05-08 11:18:02.181,Gas Turbine (RPM),4600,5000.0,0
2026-05-08 11:18:04.124,Gas Turbine (RPM),4600,4950.0,0
2026-05-08 11:18:04.183,Gas Turbine (RPM),4600,4900.0,0
2026-05-08 11:18:06.116,Gas Turbine (RPM),4600,4850.0,0
2026-05-08 11:18:06.171,Gas Turbine (RPM),4600,4800.0,0
2026-05-08 11:18:08.123,Gas Turbine (RPM),4600,4750.0,0
2026-05-08 11:18:08.169,Gas Turbine (RPM),4600,4700.0,0
2026-05-08 11:18:10.131,Gas Turbine (RPM),4600,4650.0,0
2026-05-08 11:18:10.208,Gas Turbine (RPM),4600,4600.0,0
2026-05-08 11:18:12.125,Gas Turbine (RPM),4600,4550.0,0
2026-05-08 11:18:12.173,Gas Turbine (RPM),4600,4500.0,0
2026-05-08 11:18:14.140,Gas Turbine (RPM),4600,4450.0,0
2026-05-08 11:18:14.272,Gas Turbine (RPM),4600,4400.0,0
2026-05-08 11:18:16.121,Gas Turbine (RPM),4600,4350.0,0
2026-05-08 11:18:16.178,Gas Turbine (RPM),4600,4300.0,0
2026-05-08 11:18:18.122,Gas Turbine (RPM),4600,4250.0,0
2026-05-08 11:18:18.174,Gas Turbine (RPM),4600,4200.0,0
2026-05-08 11:18:20.136,Gas Turbine (RPM),4600,4150.0,0
2026-05-08 11:18:20.197,Gas Turbine (RPM),4600,4100.0,0
2026-05-08 11:18:22.125,Gas Turbine (RPM),4600,4850.0,100
2026-05-08 11:18:22.178,Gas Turbine (RPM),4600,5600.0,100
2026-05-08 11:18:24.122,Gas Turbine (RPM),4600,5550.0,0
2026-05-08 11:18:24.288,Gas Turbine (RPM),4600,5500.0,0
2026-05-08 11:18:26.117,Gas Turbine (RPM),4600,5450.0,0
2026-05-08 11:18:26.176,Gas Turbine (RPM),4600,5400.0,0
2026-05-08 11:18:28.119,Gas Turbine (RPM),4600,5350.0,0
2026-05-08 11:18:28.191,Gas Turbine (RPM),4600,5300.0,0
2026-05-08 11:18:30.120,Gas Turbine (RPM),4600,5250.0,0
2026-05-08 11:18:30.165,Gas Turbine (RPM),4600,5200.0,0
2026-05-08 11:18:32.123,Gas Turbine (RPM),4600,5150.0,0
2026-05-08 11:18:32.181,Gas Turbine (RPM),4600,5100.0,0
2026-05-08 11:18:34.129,Gas Turbine (RPM),4600,5050.0,0
2026-05-08 11:18:34.184,Gas Turbine (RPM),4600,5000.0,0
2026-05-08 11:18:36.134,Gas Turbine (RPM),4600,4950.0,0
2026-05-08 11:18:36.241,Gas Turbine (RPM),4600,4900.0,0
2026-05-08 11:18:38.121,Gas Turbine (RPM),4600,4850.0,0
2026-05-08 11:18:38.177,Gas Turbine (RPM),4600,4800.0,0
2026-05-08 11:18:40.130,Gas Turbine (RPM),4600,4750.0,0
2026-05-08 11:18:40.195,Gas Turbine (RPM),4600,4700.0,0
2026-05-08 11:18:42.130,Gas Turbine (RPM),4600,4650.0,0
2026-05-08 11:18:42.174,Gas Turbine (RPM),4600,4600.0,0
2026-05-08 11:19:01.127,Gas Turbine (RPM),4600,4550.0,0
2026-05-08 11:19:01.182,Gas Turbine (RPM),4600,4500.0,0
2026-05-08 11:19:03.125,Gas Turbine (RPM),4600,4450.0,0
2026-05-08 11:19:03.190,Gas Turbine (RPM),4600,4400.0,0
2026-05-08 11:19:05.124,Gas Turbine (RPM),4600,4350.0,0
2026-05-08 11:19:05.185,Gas Turbine (RPM),4600,4300.0,0
2026-05-08 11:19:07.123,Gas Turbine (RPM),4600,4250.0,0
2026-05-08 11:19:07.174,Gas Turbine (RPM),4600,4200.0,0
2026-05-08 11:19:09.130,Gas Turbine (RPM),4600,4150.0,0
2026-05-08 11:19:09.177,Gas Turbine (RPM),4600,4100.0,0
2026-05-08 11:19:11.131,Gas Turbine (RPM),4600,4850.0,100
2026-05-08 11:19:11.185,Gas Turbine (RPM),4600,5600.0,100
2026-05-08 11:19:13.120,Gas Turbine (RPM),4600,5550.0,0
2026-05-08 11:19:13.172,Gas Turbine (RPM),4600,5500.0,0
2026-05-08 11:19:15.120,Gas Turbine (RPM),4600,5450.0,0
2026-05-08 11:19:15.183,Gas Turbine (RPM),4600,5400.0,0
2026-05-08 11:19:17.129,Gas Turbine (RPM),4600,5350.0,0
2026-05-08 11:19:17.213,Gas Turbine (RPM),4600,5300.0,0
2026-05-08 11:19:19.129,Gas Turbine (RPM),4600,5250.0,0
2026-05-08 11:19:19.202,Gas Turbine (RPM),4600,5200.0,0
2026-05-08 11:19:19.671,Gas Turbine (RPM),4600,5150.0,0
2026-05-08 11:19:20.653,Gas Turbine (RPM),4600,5100.0,0
2026-05-08 11:19:23.122,Gas Turbine (RPM),4600,5050.0,0
2026-05-08 11:19:23.183,Gas Turbine (RPM),4600,5000.0,0
2026-05-08 11:19:25.130,Gas Turbine (RPM),4600,4950.0,0
2026-05-08 11:19:25.217,Gas Turbine (RPM),4600,4900.0,0
2026-05-08 11:19:27.136,Gas Turbine (RPM),4600,4850.0,0
2026-05-08 11:19:27.202,Gas Turbine (RPM),4600,4800.0,0
2026-05-08 11:19:29.126,Gas Turbine (RPM),4600,4750.0,0
2026-05-08 11:19:29.177,Gas Turbine (RPM),4600,4700.0,0
2026-05-08 11:19:31.121,Gas Turbine (RPM),4600,4650.0,0
2026-05-08 11:19:31.172,Gas Turbine (RPM),4600,4600.0,0
2026-05-08 11:19:33.131,Gas Turbine (RPM),4600,4550.0,0
2026-05-08 11:19:33.179,Gas Turbine (RPM),4600,4500.0,0
2026-05-08 11:19:35.130,Gas Turbine (RPM),4600,4450.0,0
2026-05-08 11:19:35.208,Gas Turbine (RPM),4600,4400.0,0
2026-05-08 11:19:37.120,Gas Turbine (RPM),4600,4350.0,0
2026-05-08 11:19:37.186,Gas Turbine (RPM),4600,4300.0,0
2026-05-08 11:19:39.130,Gas Turbine (RPM),4600,4250.0,0
2026-05-08 11:19:39.247,Gas Turbine (RPM),4600,4200.0,0
2026-05-08 11:19:41.130,Gas Turbine (RPM),4600,4150.0,0
2026-05-08 11:19:41.212,Gas Turbine (RPM),4600,4100.0,0
2026-05-08 11:19:43.136,Gas Turbine (RPM),4600,4850.0,100
2026-05-08 11:19:43.211,Gas Turbine (RPM),4600,5600.0,100
2026-05-08 11:19:45.121,Gas Turbine (RPM),4600,5550.0,0
2026-05-08 11:19:45.192,Gas Turbine (RPM),4600,5500.0,0
2026-05-08 11:19:47.121,Gas Turbine (RPM),4600,5450.0,0
2026-05-08 11:19:47.183,Gas Turbine (RPM),4600,5400.0,0
2026-05-08 11:19:49.133,Gas Turbine (RPM),4600,5350.0,0
2026-05-08 11:19:49.212,Gas Turbine (RPM),4600,5300.0,0
2026-05-08 11:19:51.126,Gas Turbine (RPM),4600,5250.0,0
2026-05-08 11:19:51.176,Gas Turbine (RPM),4600,5200.0,0
2026-05-08 11:19:53.125,Gas Turbine (RPM),4600,5150.0,0
2026-05-08 11:19:53.205,Gas Turbine (RPM),4600,5100.0,0
2026-05-08 11:19:55.136,Gas Turbine (RPM),4600,5050.0,0
2026-05-08 11:19:55.219,Gas Turbine (RPM),4600,5000.0,0
2026-05-08 11:19:57.128,Gas Turbine (RPM),4600,4950.0,0
2026-05-08 11:19:57.187,Gas Turbine (RPM),4600,4900.0,0
2026-05-08 11:19:59.155,Gas Turbine (RPM),4600,4850.0,0
2026-05-08 11:19:59.263,Gas Turbine (RPM),4600,4800.0,0
2026-05-08 11:20:01.120,Gas Turbine (RPM),4600,4750.0,0
2026-05-08 11:20:01.178,Gas Turbine (RPM),4600,4700.0,0
2026-05-08 11:20:02.123,Gas Turbine (RPM),4600,4650.0,0
2026-05-08 11:20:04.124,Gas Turbine (RPM),4600,4600.0,0
2026-05-08 11:20:04.198,Gas Turbine (RPM),4600,4550.0,0
2026-05-08 11:20:06.119,Gas Turbine (RPM),4600,4500.0,0
2026-05-08 11:20:06.175,Gas Turbine (RPM),4600,4450.0,0
2026-05-08 11:20:08.135,Gas Turbine (RPM),4600,4400.0,0
2026-05-08 11:20:08.252,Gas Turbine (RPM),4600,4350.0,0
2026-05-08 11:20:09.768,Gas Turbine (RPM),4600,4300.0,0
2026-05-08 11:20:09.810,Gas Turbine (RPM),4600,4250.0,0
2026-05-08 11:20:10.660,Gas Turbine (RPM),4600,4200.0,0
2026-05-08 11:20:11.659,Gas Turbine (RPM),4600,4150.0,0
2026-05-08 11:20:12.646,Gas Turbine (RPM),4600,4100.0,0
2026-05-08 11:20:15.118,Gas Turbine (RPM),4600,4850.0,100
2026-05-08 11:20:15.170,Gas Turbine (RPM),4600,5600.0,100
2026-05-08 11:20:17.125,Gas Turbine (RPM),4600,5550.0,0
2026-05-08 11:20:17.182,Gas Turbine (RPM),4600,5500.0,0
2026-05-08 11:20:19.133,Gas Turbine (RPM),4600,5450.0,0
2026-05-08 11:20:19.199,Gas Turbine (RPM),4600,5400.0,0
2026-05-08 11:20:21.132,Gas Turbine (RPM),4600,5350.0,0
2026-05-08 11:20:21.205,Gas Turbine (RPM),4600,5300.0,0
2026-05-08 11:20:23.129,Gas Turbine (RPM),4600,5250.0,0
2026-05-08 11:20:23.188,Gas Turbine (RPM),4600,5200.0,0
2026-05-08 11:20:25.125,Gas Turbine (RPM),4600,5150.0,0
2026-05-08 11:20:25.209,Gas Turbine (RPM),4600,5100.0,0
2026-05-08 11:20:27.123,Gas Turbine (RPM),4600,5050.0,0
2026-05-08 11:20:27.194,Gas Turbine (RPM),4600,5000.0,0
2026-05-08 11:20:29.124,Gas Turbine (RPM),4600,4950.0,0
2026-05-08 11:20:29.178,Gas Turbine (RPM),4600,4900.0,0
2026-05-08 11:20:31.134,Gas Turbine (RPM),4600,4850.0,0
2026-05-08 11:20:31.188,Gas Turbine (RPM),4600,4800.0,0
2026-05-08 11:20:33.119,Gas Turbine (RPM),4600,4750.0,0
2026-05-08 11:20:33.189,Gas Turbine (RPM),4600,4700.0,0
2026-05-08 11:20:35.130,Gas Turbine (RPM),4600,4650.0,0
2026-05-08 11:20:35.192,Gas Turbine (RPM),4600,4600.0,0
2026-05-08 11:20:37.119,Gas Turbine (RPM),4600,4550.0,0
2026-05-08 11:20:37.184,Gas Turbine (RPM),4600,4500.0,0
2026-05-08 11:20:39.122,Gas Turbine (RPM),4600,4450.0,0
2026-05-08 11:20:39.169,Gas Turbine (RPM),4600,4400.0,0
2026-05-08 11:20:41.117,Gas Turbine (RPM),4600,4350.0,0
2026-05-08 11:20:41.166,Gas Turbine (RPM),4600,4300.0,0
2026-05-08 11:20:43.127,Gas Turbine (RPM),4600,4250.0,0
2026-05-08 11:20:43.190,Gas Turbine (RPM),4600,4200.0,0
2026-05-08 11:20:45.127,Gas Turbine (RPM),4600,4150.0,0
2026-05-08 11:20:45.179,Gas Turbine (RPM),4600,4100.0,0
2026-05-08 11:20:47.129,Gas Turbine (RPM),4600,4850.0,100
2026-05-08 11:20:47.179,Gas Turbine (RPM),4600,5600.0,100
2026-05-08 11:20:49.121,Gas Turbine (RPM),4600,5550.0,0
2026-05-08 11:20:49.173,Gas Turbine (RPM),4600,5500.0,0
2026-05-08 11:20:51.130,Gas Turbine (RPM),4600,5450.0,0
2026-05-08 11:20:51.181,Gas Turbine (RPM),4600,5400.0,0
2026-05-08 11:20:53.130,Gas Turbine (RPM),4600,5350.0,0
2026-05-08 11:20:53.181,Gas Turbine (RPM),4600,5300.0,0
2026-05-08 11:20:55.133,Gas Turbine (RPM),4600,5250.0,0
2026-05-08 11:20:55.187,Gas Turbine (RPM),4600,5200.0,0
2026-05-08 11:20:57.124,Gas Turbine (RPM),4600,5150.0,0
2026-05-08 11:20:57.181,Gas Turbine (RPM),4600,5100.0,0
2026-05-08 11:20:59.124,Gas Turbine (RPM),4600,5050.0,0
2026-05-08 11:20:59.171,Gas Turbine (RPM),4600,5000.0,0
2026-05-08 11:21:01.131,Gas Turbine (RPM),4600,4950.0,0
2026-05-08 11:21:01.186,Gas Turbine (RPM),4600,4900.0,0
2026-05-08 11:21:03.128,Gas Turbine (RPM),4600,4850.0,0
2026-05-08 11:21:03.179,Gas Turbine (RPM),4600,4800.0,0
2026-05-08 11:21:05.130,Gas Turbine (RPM),4600,4750.0,0
2026-05-08 11:21:05.194,Gas Turbine (RPM),4600,4700.0,0
2026-05-08 11:21:07.129,Gas Turbine (RPM),4600,4650.0,0
2026-05-08 11:21:07.177,Gas Turbine (RPM),4600,4600.0,0
2026-05-08 11:21:09.117,Gas Turbine (RPM),4600,4550.0,0
2026-05-08 11:21:09.169,Gas Turbine (RPM),4600,4500.0,0
2026-05-08 11:21:11.119,Gas Turbine (RPM),4600,4450.0,0
2026-05-08 11:21:11.169,Gas Turbine (RPM),4600,4400.0,0
2026-05-08 11:21:13.120,Gas Turbine (RPM),4600,4350.0,0
2026-05-08 11:21:13.172,Gas Turbine (RPM),4600,4300.0,0
2026-05-08 11:21:15.129,Gas Turbine (RPM),4600,4250.0,0
2026-05-08 11:21:15.175,Gas Turbine (RPM),4600,4200.0,0
2026-05-08 11:21:17.122,Gas Turbine (RPM),4600,4150.0,0
2026-05-08 11:21:17.180,Gas Turbine (RPM),4600,4100.0,0
2026-05-08 11:21:19.127,Gas Turbine (RPM),4600,4850.0,100
2026-05-08 11:21:19.186,Gas Turbine (RPM),4600,5600.0,100
2026-05-08 11:21:21.135,Gas Turbine (RPM),4600,5550.0,0
2026-05-08 11:21:21.204,Gas Turbine (RPM),4600,5500.0,0
2026-05-08 11:21:23.126,Gas Turbine (RPM),4600,5450.0,0
2026-05-08 11:21:23.174,Gas Turbine (RPM),4600,5400.0,0
2026-05-08 11:21:25.119,Gas Turbine (RPM),4600,5350.0,0
2026-05-08 11:21:25.170,Gas Turbine (RPM),4600,5300.0,0
2026-05-08 11:21:27.130,Gas Turbine (RPM),4600,5250.0,0
2026-05-08 11:21:27.206,Gas Turbine (RPM),4600,5200.0,0
2026-05-08 11:21:29.120,Gas Turbine (RPM),4600,5150.0,0
2026-05-08 11:21:29.182,Gas Turbine (RPM),4600,5100.0,0
2026-05-08 11:21:31.126,Gas Turbine (RPM),4600,5050.0,0
2026-05-08 11:21:31.180,Gas Turbine (RPM),4600,5000.0,0
2026-05-08 11:21:33.137,Gas Turbine (RPM),4600,4950.0,0
2026-05-08 11:21:33.195,Gas Turbine (RPM),4600,4900.0,0
2026-05-08 11:21:35.122,Gas Turbine (RPM),4600,4850.0,0
2026-05-08 11:21:35.172,Gas Turbine (RPM),4600,4800.0,0
2026-05-08 11:21:37.130,Gas Turbine (RPM),4600,4750.0,0
2026-05-08 11:21:37.199,Gas Turbine (RPM),4600,4700.0,0
2026-05-08 11:21:39.123,Gas Turbine (RPM),4600,4650.0,0
2026-05-08 11:21:39.186,Gas Turbine (RPM),4600,4600.0,0
2026-05-08 11:21:41.128,Gas Turbine (RPM),4600,4550.0,0
2026-05-08 11:21:41.192,Gas Turbine (RPM),4600,4500.0,0
2026-05-08 11:21:43.117,Gas Turbine (RPM),4600,4450.0,0
2026-05-08 11:21:43.291,Gas Turbine (RPM),4600,4400.0,0
2026-05-08 11:21:45.122,Gas Turbine (RPM),4600,4350.0,0
2026-05-08 11:21:45.184,Gas Turbine (RPM),4600,4300.0,0
2026-05-08 11:21:47.125,Gas Turbine (RPM),4600,4250.0,0
2026-05-08 11:21:47.178,Gas Turbine (RPM),4600,4200.0,0
2026-05-08 11:21:49.124,Gas Turbine (RPM),4600,4150.0,0
2026-05-08 11:21:49.179,Gas Turbine (RPM),4600,4100.0,0
2026-05-08 11:21:51.118,Gas Turbine (RPM),4600,4850.0,100
2026-05-08 11:21:51.200,Gas Turbine (RPM),4600,5600.0,100
2026-05-08 11:21:53.116,Gas Turbine (RPM),4600,5550.0,0
2026-05-08 11:21:53.175,Gas Turbine (RPM),4600,5500.0,0
2026-05-08 11:21:55.129,Gas Turbine (RPM),4600,5450.0,0
2026-05-08 11:21:55.184,Gas Turbine (RPM),4600,5400.0,0
2026-05-08 11:21:57.122,Gas Turbine (RPM),4600,5350.0,0
2026-05-08 11:21:57.188,Gas Turbine (RPM),4600,5300.0,0
2026-05-08 11:21:59.126,Gas Turbine (RPM),4600,5250.0,0
2026-05-08 11:21:59.171,Gas Turbine (RPM),4600,5200.0,0
2026-05-08 11:22:01.119,Gas Turbine (RPM),4600,5150.0,0
2026-05-08 11:22:01.203,Gas Turbine (RPM),4600,5100.0,0
2026-05-08 11:22:03.126,Gas Turbine (RPM),4600,5050.0,0
2026-05-08 11:22:03.197,Gas Turbine (RPM),4600,5000.0,0
2026-05-08 11:22:03.673,Gas Turbine (RPM),4600,4950.0,0
2026-05-08 11:22:04.649,Gas Turbine (RPM),4600,4900.0,0
2026-05-08 11:22:07.117,Gas Turbine (RPM),4600,4850.0,0
2026-05-08 11:22:07.177,Gas Turbine (RPM),4600,4800.0,0
2026-05-08 11:22:09.116,Gas Turbine (RPM),4600,4750.0,0
2026-05-08 11:22:09.186,Gas Turbine (RPM),4600,4700.0,0
2026-05-08 11:22:11.124,Gas Turbine (RPM),4600,4650.0,0
2026-05-08 11:22:11.178,Gas Turbine (RPM),4600,4600.0,0
2026-05-08 11:22:13.118,Gas Turbine (RPM),4600,4550.0,0
2026-05-08 11:22:13.170,Gas Turbine (RPM),4600,4500.0,0
2026-05-08 11:22:15.126,Gas Turbine (RPM),4600,4450.0,0
2026-05-08 11:22:15.178,Gas Turbine (RPM),4600,4400.0,0
2026-05-08 11:22:17.129,Gas Turbine (RPM),4600,4350.0,0
2026-05-08 11:22:17.184,Gas Turbine (RPM),4600,4300.0,0
2026-05-08 11:22:19.117,Gas Turbine (RPM),4600,4250.0,0
2026-05-08 11:22:19.174,Gas Turbine (RPM),4600,4200.0,0
2026-05-08 11:22:21.128,Gas Turbine (RPM),4600,4150.0,0
2026-05-08 11:22:21.191,Gas Turbine (RPM),4600,4100.0,0
2026-05-08 11:22:23.131,Gas Turbine (RPM),4600,4850.0,100
2026-05-08 11:22:23.193,Gas Turbine (RPM),4600,5600.0,100
2026-05-08 11:22:25.123,Gas Turbine (RPM),4600,5550.0,0
2026-05-08 11:22:25.176,Gas Turbine (RPM),4600,5500.0,0
2026-05-08 11:22:27.121,Gas Turbine (RPM),4600,5450.0,0
2026-05-08 11:22:27.176,Gas Turbine (RPM),4600,5400.0,0
2026-05-08 11:22:29.121,Gas Turbine (RPM),4600,5350.0,0
2026-05-08 11:22:29.177,Gas Turbine (RPM),4600,5300.0,0
2026-05-08 11:22:31.155,Gas Turbine (RPM),4600,5250.0,0
2026-05-08 11:22:31.221,Gas Turbine (RPM),4600,5200.0,0
2026-05-08 11:22:33.124,Gas Turbine (RPM),4600,5150.0,0
2026-05-08 11:22:33.195,Gas Turbine (RPM),4600,5100.0,0
2026-05-08 11:22:35.118,Gas Turbine (RPM),4600,5050.0,0
2026-05-08 11:22:35.185,Gas Turbine (RPM),4600,5000.0,0
2026-05-08 11:22:37.127,Gas Turbine (RPM),4600,4950.0,0
2026-05-08 11:22:37.180,Gas Turbine (RPM),4600,4900.0,0
2026-05-08 11:22:39.130,Gas Turbine (RPM),4600,4850.0,0
2026-05-08 11:22:39.199,Gas Turbine (RPM),4600,4800.0,0
2026-05-08 11:22:41.123,Gas Turbine (RPM),4600,4750.0,0
2026-05-08 11:22:41.188,Gas Turbine (RPM),4600,4700.0,0
2026-05-08 11:22:43.123,Gas Turbine (RPM),4600,4650.0,0
2026-05-08 11:22:43.177,Gas Turbine (RPM),4600,4600.0,0
2026-05-08 11:22:45.128,Gas Turbine (RPM),4600,4550.0,0
2026-05-08 11:22:45.201,Gas Turbine (RPM),4600,4500.0,0
2026-05-08 11:22:47.143,Gas Turbine (RPM),4600,4450.0,0
2026-05-08 11:22:47.207,Gas Turbine (RPM),4600,4400.0,0
2026-05-08 11:22:49.117,Gas Turbine (RPM),4600,4350.0,0
2026-05-08 11:22:49.191,Gas Turbine (RPM),4600,4300.0,0
2026-05-08 11:22:51.125,Gas Turbine (RPM),4600,4250.0,0
2026-05-08 11:22:51.200,Gas Turbine (RPM),4600,4200.0,0
2026-05-08 11:22:53.128,Gas Turbine (RPM),4600,4150.0,0
2026-05-08 11:22:53.193,Gas Turbine (RPM),4600,4100.0,0
2026-05-08 11:22:55.130,Gas Turbine (RPM),4600,4850.0,100
2026-05-08 11:22:55.193,Gas Turbine (RPM),4600,5600.0,100
2026-05-08 11:22:56.577,Gas Turbine (RPM),4600,5550.0,0
2026-05-08 11:22:56.701,Gas Turbine (RPM),4600,5500.0,0
2026-05-08 11:22:57.659,Gas Turbine (RPM),4600,5450.0,0
2026-05-08 11:22:58.668,Gas Turbine (RPM),4600,5400.0,0
2026-05-08 11:23:01.139,Gas Turbine (RPM),4600,5350.0,0
2026-05-08 11:23:01.210,Gas Turbine (RPM),4600,5300.0,0
2026-05-08 11:23:03.132,Gas Turbine (RPM),4600,5250.0,0
2026-05-08 11:23:03.194,Gas Turbine (RPM),4600,5200.0,0
2026-05-08 11:23:05.163,Gas Turbine (RPM),4600,5150.0,0
2026-05-08 11:23:05.178,Gas Turbine (RPM),4600,5100.0,0
2026-05-08 11:23:05.655,Gas Turbine (RPM),4600,5050.0,0
2026-05-08 11:23:06.653,Gas Turbine (RPM),4600,5000.0,0
2026-05-08 11:23:07.656,Gas Turbine (RPM),4600,4950.0,0
2026-05-08 11:45:04.764,Gas Turbine (RPM),4600,50.0,0
2026-05-08 11:45:05.768,Gas Turbine (RPM),4600,100.0,0
2026-05-08 11:45:06.777,Gas Turbine (RPM),4600,150.0,0
2026-05-08 11:45:07.767,Gas Turbine (RPM),4600,200.0,0
2026-05-08 11:45:08.790,Gas Turbine (RPM),4600,250.0,0
2026-05-08 11:45:09.782,Gas Turbine (RPM),4600,300.0,0
2026-05-08 11:45:10.774,Gas Turbine (RPM),4600,350.0,0
2026-05-08 11:45:11.774,Gas Turbine (RPM),4600,400.0,0
2026-05-08 11:45:12.770,Gas Turbine (RPM),4600,450.0,0
2026-05-08 11:45:13.775,Gas Turbine (RPM),4600,500.0,0
2026-05-08 11:45:14.769,Gas Turbine (RPM),4600,550.0,0
2026-05-08 11:45:15.775,Gas Turbine (RPM),4600,600.0,0
2026-05-08 11:45:16.775,Gas Turbine (RPM),4600,650.0,0
2026-05-08 11:45:17.775,Gas Turbine (RPM),4600,700.0,0
2026-05-08 11:45:18.768,Gas Turbine (RPM),4600,750.0,0
2026-05-08 11:45:19.771,Gas Turbine (RPM),4600,800.0,0
2026-05-08 11:45:20.787,Gas Turbine (RPM),4600,850.0,0
2026-05-08 11:45:21.777,Gas Turbine (RPM),4600,900.0,0
2026-05-08 11:45:22.772,Gas Turbine (RPM),4600,950.0,0
2026-05-08 11:45:23.774,Gas Turbine (RPM),4600,1000.0,0
2026-05-08 11:45:24.769,Gas Turbine (RPM),4600,1050.0,0
2026-05-08 11:45:25.766,Gas Turbine (RPM),4600,1100.0,0
2026-05-08 11:45:26.772,Gas Turbine (RPM),4600,1150.0,0
2026-05-08 11:45:27.769,Gas Turbine (RPM),4600,1200.0,0
2026-05-08 11:45:28.776,Gas Turbine (RPM),4600,1250.0,0
2026-05-08 11:45:29.766,Gas Turbine (RPM),4600,1300.0,0
2026-05-08 11:45:30.784,Gas Turbine (RPM),4600,1350.0,0
2026-05-08 11:45:31.766,Gas Turbine (RPM),4600,1400.0,0
2026-05-08 11:45:32.787,Gas Turbine (RPM),4600,1450.0,0
2026-05-08 11:45:33.768,Gas Turbine (RPM),4600,1500.0,0
2026-05-08 11:45:34.766,Gas Turbine (RPM),4600,1550.0,0
2026-05-08 11:45:35.764,Gas Turbine (RPM),4600,1600.0,0
2026-05-08 11:45:36.772,Gas Turbine (RPM),4600,1650.0,0
2026-05-08 11:45:37.764,Gas Turbine (RPM),4600,1700.0,0
2026-05-08 11:45:38.787,Gas Turbine (RPM),4600,1750.0,0
2026-05-08 11:45:39.770,Gas Turbine (RPM),4600,1800.0,0
2026-05-08 11:45:40.772,Gas Turbine (RPM),4600,1850.0,0
2026-05-08 11:45:41.763,Gas Turbine (RPM),4600,1900.0,0
2026-05-08 11:45:42.774,Gas Turbine (RPM),4600,1950.0,0
2026-05-08 11:45:43.770,Gas Turbine (RPM),4600,2000.0,0
2026-05-08 11:45:44.771,Gas Turbine (RPM),4600,2050.0,0
2026-05-08 11:45:45.771,Gas Turbine (RPM),4600,2100.0,0
2026-05-08 11:45:46.767,Gas Turbine (RPM),4600,2150.0,0
2026-05-08 11:45:47.770,Gas Turbine (RPM),4600,2200.0,0
2026-05-08 11:45:48.777,Gas Turbine (RPM),4600,2250.0,0
2026-05-08 11:45:49.791,Gas Turbine (RPM),4600,2300.0,0
2026-05-08 11:45:50.778,Gas Turbine (RPM),4600,2350.0,0
2026-05-08 11:45:51.767,Gas Turbine (RPM),4600,2400.0,0
2026-05-08 11:45:52.770,Gas Turbine (RPM),4600,2450.0,0
2026-05-08 11:45:53.789,Gas Turbine (RPM),4600,2500.0,0
2026-05-08 11:45:54.771,Gas Turbine (RPM),4600,2550.0,0
2026-05-08 11:45:55.767,Gas Turbine (RPM),4600,2600.0,0
2026-05-08 11:45:56.768,Gas Turbine (RPM),4600,2650.0,0
2026-05-08 11:45:57.773,Gas Turbine (RPM),4600,2700.0,0
2026-05-08 11:45:58.768,Gas Turbine (RPM),4600,2750.0,0
2026-05-08 11:45:59.764,Gas Turbine (RPM),4600,2700.0,0
2026-05-08 11:46:00.766,Gas Turbine (RPM),4600,2650.0,0
2026-05-08 11:46:01.767,Gas Turbine (RPM),4600,3400.0,100
2026-05-08 11:46:02.768,Gas Turbine (RPM),4600,4150.0,100
2026-05-08 11:46:03.763,Gas Turbine (RPM),4600,4900.0,100
2026-05-08 11:46:04.766,Gas Turbine (RPM),4600,5650.0,100
2026-05-08 11:46:05.786,Gas Turbine (RPM),4600,6400.0,100
2026-05-08 11:46:06.765,Gas Turbine (RPM),4600,7150.0,100.0
2026-05-08 11:46:07.766,Gas Turbine (RPM),4600,7100.0,0
2026-05-08 11:46:08.777,Gas Turbine (RPM),4600,7050.0,0
2026-05-08 11:46:09.767,Gas Turbine (RPM),4600,7000.0,0
2026-05-08 11:46:10.765,Gas Turbine (RPM),4600,6950.0,0
2026-05-08 11:46:11.767,Gas Turbine (RPM),4600,6900.0,0
2026-05-08 11:46:12.793,Gas Turbine (RPM),4600,6850.0,0
2026-05-08 11:46:13.764,Gas Turbine (RPM),4600,6800.0,0
2026-05-08 11:46:14.772,Gas Turbine (RPM),4600,6750.0,0
2026-05-08 11:46:15.765,Gas Turbine (RPM),4600,6700.0,0
2026-05-08 11:46:16.767,Gas Turbine (RPM),4600,6650.0,0
2026-05-08 11:46:17.769,Gas Turbine (RPM),4600,6600.0,0
2026-05-08 11:46:18.779,Gas Turbine (RPM),4600,6550.0,0
2026-05-08 11:46:19.764,Gas Turbine (RPM),4600,6500.0,0
2026-05-08 11:46:20.764,Gas Turbine (RPM),4600,6450.0,0
2026-05-08 11:46:21.773,Gas Turbine (RPM),4600,6400.0,0
2026-05-08 11:46:22.771,Gas Turbine (RPM),4600,6350.0,0
2026-05-08 11:46:23.764,Gas Turbine (RPM),4600,6300.0,0
2026-05-08 11:46:24.767,Gas Turbine (RPM),4600,6250.0,0
2026-05-08 11:46:25.764,Gas Turbine (RPM),4600,6200.0,0
2026-05-08 11:46:26.778,Gas Turbine (RPM),4600,6150.0,0
2026-05-08 11:46:27.770,Gas Turbine (RPM),4600,6100.0,0
2026-05-08 11:46:28.776,Gas Turbine (RPM),4600,6050.0,0
2026-05-08 11:46:29.776,Gas Turbine (RPM),4600,6000.0,0
2026-05-08 11:46:30.770,Gas Turbine (RPM),4600,5950.0,0
2026-05-08 11:46:31.762,Gas Turbine (RPM),4600,5900.0,0
2026-05-08 11:46:32.767,Gas Turbine (RPM),4600,5850.0,0
2026-05-08 11:46:33.781,Gas Turbine (RPM),4600,5800.0,0
2026-05-08 11:46:34.786,Gas Turbine (RPM),4600,5750.0,0
2026-05-08 11:46:35.774,Gas Turbine (RPM),4600,5700.0,0
2026-05-08 11:46:36.766,Gas Turbine (RPM),4600,5650.0,0
2026-05-08 11:46:37.775,Gas Turbine (RPM),4600,5600.0,0
2026-05-08 11:46:38.772,Gas Turbine (RPM),4600,5550.0,0
2026-05-08 11:46:39.766,Gas Turbine (RPM),4600,5500.0,0
2026-05-08 11:46:40.775,Gas Turbine (RPM),4600,5450.0,0
2026-05-08 11:46:41.792,Gas Turbine (RPM),4600,5400.0,0
2026-05-08 11:46:42.770,Gas Turbine (RPM),4600,5350.0,0
2026-05-08 11:46:43.777,Gas Turbine (RPM),4600,5300.0,0
2026-05-08 11:46:44.767,Gas Turbine (RPM),4600,5250.0,0
2026-05-08 11:46:45.769,Gas Turbine (RPM),4600,5200.0,0
2026-05-08 11:46:46.788,Gas Turbine (RPM),4600,5150.0,0
2026-05-08 11:46:47.784,Gas Turbine (RPM),4600,5100.0,0
2026-05-08 11:46:48.775,Gas Turbine (RPM),4600,5050.0,0
2026-05-08 11:46:49.782,Gas Turbine (RPM),4600,5000.0,0
2026-05-08 11:46:50.768,Gas Turbine (RPM),4600,4950.0,0
2026-05-08 11:46:51.779,Gas Turbine (RPM),4600,4900.0,0
2026-05-08 11:46:52.773,Gas Turbine (RPM),4600,4850.0,0
2026-05-08 11:46:53.770,Gas Turbine (RPM),4600,4800.0,0
2026-05-08 11:46:54.771,Gas Turbine (RPM),4600,4750.0,0
2026-05-08 11:46:55.772,Gas Turbine (RPM),4600,4700.0,0
2026-05-08 11:46:56.770,Gas Turbine (RPM),4600,4650.0,0
2026-05-08 11:46:57.774,Gas Turbine (RPM),4600,4600.0,0
2026-05-08 11:46:58.774,Gas Turbine (RPM),4600,4550.0,0
2026-05-08 11:46:59.772,Gas Turbine (RPM),4600,4500.0,0
2026-05-08 11:47:00.769,Gas Turbine (RPM),4600,4450.0,0
2026-05-08 11:47:01.766,Gas Turbine (RPM),4600,4400.0,0
2026-05-08 11:47:02.772,Gas Turbine (RPM),4600,4350.0,0
2026-05-08 11:47:03.765,Gas Turbine (RPM),4600,4300.0,0
2026-05-08 11:47:04.769,Gas Turbine (RPM),4600,4250.0,0
2026-05-08 11:47:05.794,Gas Turbine (RPM),4600,4200.0,0
2026-05-08 11:47:06.769,Gas Turbine (RPM),4600,4150.0,0
2026-05-08 11:47:07.770,Gas Turbine (RPM),4600,4100.0,0
2026-05-08 11:47:08.772,Gas Turbine (RPM),4600,4850.0,100
2026-05-08 11:47:09.767,Gas Turbine (RPM),4600,5600.0,100
2026-05-08 11:47:10.772,Gas Turbine (RPM),4600,5550.0,0
2026-05-08 11:47:11.782,Gas Turbine (RPM),4600,5500.0,0
2026-05-08 11:47:12.770,Gas Turbine (RPM),4600,5450.0,0
2026-05-08 11:47:13.795,Gas Turbine (RPM),4600,5400.0,0
2026-05-08 11:47:14.765,Gas Turbine (RPM),4600,5350.0,0
2026-05-08 11:47:15.768,Gas Turbine (RPM),4600,5300.0,0
2026-05-08 11:47:16.772,Gas Turbine (RPM),4600,5250.0,0
2026-05-08 11:47:17.770,Gas Turbine (RPM),4600,5200.0,0
2026-05-08 11:47:18.768,Gas Turbine (RPM),4600,5150.0,0
2026-05-08 11:47:19.768,Gas Turbine (RPM),4600,5100.0,0
2026-05-08 11:47:20.769,Gas Turbine (RPM),4600,5050.0,0
2026-05-08 11:47:21.777,Gas Turbine (RPM),4600,5000.0,0
2026-05-08 11:47:22.768,Gas Turbine (RPM),4600,4950.0,0
2026-05-08 11:47:23.767,Gas Turbine (RPM),4600,4900.0,0
2026-05-08 11:47:24.767,Gas Turbine (RPM),4600,4850.0,0
2026-05-08 11:47:25.787,Gas Turbine (RPM),4600,4800.0,0
2026-05-08 11:47:26.767,Gas Turbine (RPM),4600,4750.0,0
2026-05-08 11:47:27.766,Gas Turbine (RPM),4600,4700.0,0
2026-05-08 11:47:28.767,Gas Turbine (RPM),4600,4650.0,0
2026-05-08 11:47:29.765,Gas Turbine (RPM),4600,4600.0,0
2026-05-08 11:47:30.771,Gas Turbine (RPM),4600,4550.0,0
2026-05-08 11:47:31.772,Gas Turbine (RPM),4600,4500.0,0
2026-05-08 11:47:32.767,Gas Turbine (RPM),4600,4450.0,0
2026-05-08 11:47:33.770,Gas Turbine (RPM),4600,4400.0,0
2026-05-08 11:47:34.769,Gas Turbine (RPM),4600,4350.0,0
2026-05-08 11:47:35.776,Gas Turbine (RPM),4600,4300.0,0
2026-05-08 11:47:36.765,Gas Turbine (RPM),4600,4250.0,0
2026-05-08 11:47:37.764,Gas Turbine (RPM),4600,4200.0,0
2026-05-08 11:47:38.764,Gas Turbine (RPM),4600,4150.0,0
2026-05-08 11:47:39.776,Gas Turbine (RPM),4600,4100.0,0
2026-05-08 11:47:40.764,Gas Turbine (RPM),4600,4850.0,100
2026-05-08 11:47:41.765,Gas Turbine (RPM),4600,5600.0,100
2026-05-08 11:47:42.767,Gas Turbine (RPM),4600,5550.0,0
2026-05-08 11:47:43.764,Gas Turbine (RPM),4600,5500.0,0
2026-05-08 11:47:44.762,Gas Turbine (RPM),4600,5450.0,0
2026-05-08 11:47:45.765,Gas Turbine (RPM),4600,5400.0,0
2026-05-08 11:47:46.765,Gas Turbine (RPM),4600,5350.0,0
2026-05-08 11:47:47.774,Gas Turbine (RPM),4600,5300.0,0
2026-05-08 11:47:48.763,Gas Turbine (RPM),4600,5250.0,0
2026-05-08 11:47:49.767,Gas Turbine (RPM),4600,5200.0,0
2026-05-08 11:47:50.774,Gas Turbine (RPM),4600,5150.0,0
2026-05-08 11:47:51.765,Gas Turbine (RPM),4600,5100.0,0
2026-05-08 11:47:52.768,Gas Turbine (RPM),4600,5050.0,0
2026-05-08 11:47:53.786,Gas Turbine (RPM),4600,5000.0,0
2026-05-08 11:47:54.770,Gas Turbine (RPM),4600,4950.0,0
2026-05-08 11:47:55.763,Gas Turbine (RPM),4600,4900.0,0
2026-05-08 11:47:56.768,Gas Turbine (RPM),4600,4850.0,0
2026-05-08 11:47:57.768,Gas Turbine (RPM),4600,4800.0,0
2026-05-08 11:47:58.777,Gas Turbine (RPM),4600,4750.0,0
2026-05-08 11:47:59.777,Gas Turbine (RPM),4600,4700.0,0
2026-05-08 11:48:00.790,Gas Turbine (RPM),4600,4650.0,0
2026-05-08 11:48:01.788,Gas Turbine (RPM),4600,4600.0,0
2026-05-08 11:48:02.776,Gas Turbine (RPM),4600,4550.0,0
2026-05-08 11:48:03.768,Gas Turbine (RPM),4600,4500.0,0
2026-05-08 11:48:04.770,Gas Turbine (RPM),4600,4450.0,0
2026-05-08 11:48:05.777,Gas Turbine (RPM),4600,4400.0,0
2026-05-08 11:48:06.789,Gas Turbine (RPM),4600,4350.0,0
2026-05-08 11:48:07.789,Gas Turbine (RPM),4600,4300.0,0
2026-05-08 11:48:08.775,Gas Turbine (RPM),4600,4250.0,0
2026-05-08 11:48:09.774,Gas Turbine (RPM),4600,4200.0,0
2026-05-08 11:48:10.782,Gas Turbine (RPM),4600,4150.0,0
2026-05-08 11:48:11.776,Gas Turbine (RPM),4600,4100.0,0
2026-05-08 11:48:12.767,Gas Turbine (RPM),4600,4850.0,100
2026-05-08 11:48:13.777,Gas Turbine (RPM),4600,5600.0,100
2026-05-08 11:48:14.766,Gas Turbine (RPM),4600,5550.0,0
2026-05-08 11:48:15.771,Gas Turbine (RPM),4600,5500.0,0
2026-05-08 11:48:16.769,Gas Turbine (RPM),4600,5450.0,0
2026-05-08 11:48:17.769,Gas Turbine (RPM),4600,5400.0,0
2026-05-08 11:48:18.771,Gas Turbine (RPM),4600,5350.0,0
2026-05-08 11:48:19.775,Gas Turbine (RPM),4600,5300.0,0
2026-05-08 11:48:20.771,Gas Turbine (RPM),4600,5250.0,0
2026-05-08 11:48:21.787,Gas Turbine (RPM),4600,5200.0,0
2026-05-08 11:48:22.779,Gas Turbine (RPM),4600,5150.0,0
2026-05-08 11:48:23.769,Gas Turbine (RPM),4600,5100.0,0
2026-05-08 11:48:24.776,Gas Turbine (RPM),4600,5050.0,0
2026-05-08 11:48:25.772,Gas Turbine (RPM),4600,5000.0,0
2026-05-08 11:48:26.773,Gas Turbine (RPM),4600,4950.0,0
2026-05-08 11:48:27.767,Gas Turbine (RPM),4600,4900.0,0
2026-05-08 11:48:28.771,Gas Turbine (RPM),4600,4850.0,0
2026-05-08 11:48:29.772,Gas Turbine (RPM),4600,4800.0,0
2026-05-08 11:48:30.775,Gas Turbine (RPM),4600,4750.0,0
2026-05-08 11:48:31.766,Gas Turbine (RPM),4600,4700.0,0
2026-05-08 11:48:32.770,Gas Turbine (RPM),4600,4650.0,0
2026-05-08 11:48:33.767,Gas Turbine (RPM),4600,4600.0,0
2026-05-08 11:48:34.773,Gas Turbine (RPM),4600,4550.0,0
2026-05-08 11:48:35.770,Gas Turbine (RPM),4600,4500.0,0
2026-05-08 11:48:36.769,Gas Turbine (RPM),4600,4450.0,0
2026-05-08 11:48:37.770,Gas Turbine (RPM),4600,4400.0,0
2026-05-08 11:48:38.769,Gas Turbine (RPM),4600,4350.0,0
2026-05-08 11:48:39.764,Gas Turbine (RPM),4600,4300.0,0
2026-05-08 11:48:40.769,Gas Turbine (RPM),4600,4250.0,0
2026-05-08 11:48:41.772,Gas Turbine (RPM),4600,4200.0,0
2026-05-08 11:48:42.780,Gas Turbine (RPM),4600,4150.0,0
2026-05-08 11:48:43.764,Gas Turbine (RPM),4600,4100.0,0
2026-05-08 11:48:44.767,Gas Turbine (RPM),4600,4850.0,100
2026-05-08 11:48:45.776,Gas Turbine (RPM),4600,5600.0,100
2026-05-08 11:48:46.774,Gas Turbine (RPM),4600,5550.0,0
2026-05-08 11:48:47.768,Gas Turbine (RPM),4600,5500.0,0
2026-05-08 11:48:48.767,Gas Turbine (RPM),4600,5450.0,0
2026-05-08 11:48:49.768,Gas Turbine (RPM),4600,5400.0,0
2026-05-08 11:48:50.766,Gas Turbine (RPM),4600,5350.0,0
2026-05-08 11:48:51.768,Gas Turbine (RPM),4600,5300.0,0
2026-05-08 11:48:52.766,Gas Turbine (RPM),4600,5250.0,0
2026-05-08 11:48:53.765,Gas Turbine (RPM),4600,5200.0,0
2026-05-08 11:48:54.776,Gas Turbine (RPM),4600,5150.0,0
2026-05-08 11:48:55.767,Gas Turbine (RPM),4600,5100.0,0
2026-05-08 11:48:56.766,Gas Turbine (RPM),4600,5050.0,0
2026-05-08 11:48:57.774,Gas Turbine (RPM),4600,5000.0,0
2026-05-08 11:48:58.767,Gas Turbine (RPM),4600,4950.0,0
2026-05-08 11:48:59.766,Gas Turbine (RPM),4600,4900.0,0
2026-05-08 11:49:00.771,Gas Turbine (RPM),4600,4850.0,0
2026-05-08 11:49:01.766,Gas Turbine (RPM),4600,4800.0,0
2026-05-08 11:49:02.778,Gas Turbine (RPM),4600,4750.0,0
2026-05-08 11:49:03.764,Gas Turbine (RPM),4600,4700.0,0
2026-05-08 11:49:04.766,Gas Turbine (RPM),4600,4650.0,0
2026-05-08 11:49:05.772,Gas Turbine (RPM),4600,4600.0,0
2026-05-08 11:49:06.772,Gas Turbine (RPM),4600,4550.0,0
2026-05-08 11:49:07.762,Gas Turbine (RPM),4600,4500.0,0
2026-05-08 11:49:08.765,Gas Turbine (RPM),4600,4450.0,0
2026-05-08 11:49:09.765,Gas Turbine (RPM),4600,4400.0,0
2026-05-08 11:49:10.764,Gas Turbine (RPM),4600,4350.0,0
2026-05-08 11:49:11.781,Gas Turbine (RPM),4600,4300.0,0
2026-05-08 11:49:12.763,Gas Turbine (RPM),4600,4250.0,0
2026-05-08 11:49:13.769,Gas Turbine (RPM),4600,4200.0,0
2026-05-08 11:49:14.776,Gas Turbine (RPM),4600,4150.0,0
2026-05-08 11:49:15.762,Gas Turbine (RPM),4600,4100.0,0
2026-05-08 11:49:16.765,Gas Turbine (RPM),4600,4850.0,100
2026-05-08 11:49:17.777,Gas Turbine (RPM),4600,5600.0,100
2026-05-08 11:49:18.767,Gas Turbine (RPM),4600,5550.0,0
2026-05-08 11:49:19.767,Gas Turbine (RPM),4600,5500.0,0
2026-05-08 11:49:20.776,Gas Turbine (RPM),4600,5450.0,0
2026-05-08 11:49:21.797,Gas Turbine (RPM),4600,5400.0,0
2026-05-08 11:49:22.768,Gas Turbine (RPM),4600,5350.0,0
2026-05-08 11:49:23.772,Gas Turbine (RPM),4600,5300.0,0
2026-05-08 11:49:24.778,Gas Turbine (RPM),4600,5250.0,0
2026-05-08 11:49:25.770,Gas Turbine (RPM),4600,5200.0,0
2026-05-08 11:49:26.777,Gas Turbine (RPM),4600,5150.0,0
2026-05-08 11:49:27.786,Gas Turbine (RPM),4600,5100.0,0
2026-05-08 11:49:28.777,Gas Turbine (RPM),4600,5050.0,0
2026-05-08 11:49:29.782,Gas Turbine (RPM),4600,5000.0,0
2026-05-08 11:49:30.783,Gas Turbine (RPM),4600,4950.0,0
2026-05-08 11:49:31.775,Gas Turbine (RPM),4600,4900.0,0
2026-05-08 11:49:32.770,Gas Turbine (RPM),4600,4850.0,0
2026-05-08 11:49:33.766,Gas Turbine (RPM),4600,4800.0,0
2026-05-08 11:49:34.775,Gas Turbine (RPM),4600,4750.0,0
2026-05-08 11:49:35.785,Gas Turbine (RPM),4600,4700.0,0
2026-05-08 11:49:36.764,Gas Turbine (RPM),4600,4650.0,0
2026-05-08 11:49:37.770,Gas Turbine (RPM),4600,4600.0,0
2026-05-08 11:49:38.775,Gas Turbine (RPM),4600,4550.0,0
2026-05-08 11:49:39.766,Gas Turbine (RPM),4600,4500.0,0
2026-05-08 11:49:40.772,Gas Turbine (RPM),4600,4450.0,0
2026-05-08 11:49:41.770,Gas Turbine (RPM),4600,4400.0,0
2026-05-08 11:49:42.773,Gas Turbine (RPM),4600,4350.0,0
2026-05-08 11:49:43.764,Gas Turbine (RPM),4600,4300.0,0
2026-05-08 11:49:44.765,Gas Turbine (RPM),4600,4250.0,0
2026-05-08 11:49:45.782,Gas Turbine (RPM),4600,4200.0,0
2026-05-08 11:49:46.769,Gas Turbine (RPM),4600,4150.0,0
2026-05-08 11:49:47.777,Gas Turbine (RPM),4600,4100.0,0
2026-05-08 11:49:48.772,Gas Turbine (RPM),4600,4850.0,100
2026-05-08 11:49:49.791,Gas Turbine (RPM),4600,5600.0,100
2026-05-08 11:49:50.768,Gas Turbine (RPM),4600,5550.0,0
2026-05-08 11:49:51.764,Gas Turbine (RPM),4600,5500.0,0
2026-05-08 11:49:52.771,Gas Turbine (RPM),4600,5450.0,0
2026-05-08 11:49:53.764,Gas Turbine (RPM),4600,5400.0,0
2026-05-08 11:49:54.769,Gas Turbine (RPM),4600,5350.0,0
2026-05-08 11:49:55.767,Gas Turbine (RPM),4600,5300.0,0
2026-05-08 11:49:56.771,Gas Turbine (RPM),4600,5250.0,0
2026-05-08 11:49:57.764,Gas Turbine (RPM),4600,5200.0,0
2026-05-08 11:49:58.771,Gas Turbine (RPM),4600,5150.0,0
2026-05-08 11:49:59.768,Gas Turbine (RPM),4600,5100.0,0
2026-05-08 11:50:00.766,Gas Turbine (RPM),4600,5050.0,0
2026-05-08 11:50:01.781,Gas Turbine (RPM),4600,5000.0,0
2026-05-08 11:50:02.770,Gas Turbine (RPM),4600,4950.0,0
2026-05-08 11:50:03.767,Gas Turbine (RPM),4600,4900.0,0
2026-05-08 11:50:04.772,Gas Turbine (RPM),4600,4850.0,0
2026-05-08 11:50:05.775,Gas Turbine (RPM),4600,4800.0,0
2026-05-08 11:50:06.772,Gas Turbine (RPM),4600,4750.0,0
2026-05-08 11:50:07.769,Gas Turbine (RPM),4600,4700.0,0
2026-05-08 11:50:08.769,Gas Turbine (RPM),4600,4650.0,0
2026-05-08 11:50:09.786,Gas Turbine (RPM),4600,4600.0,0
2026-05-08 11:50:10.776,Gas Turbine (RPM),4600,4550.0,0
2026-05-08 11:50:11.771,Gas Turbine (RPM),4600,4500.0,0
2026-05-08 11:50:12.782,Gas Turbine (RPM),4600,4450.0,0
2026-05-08 11:50:13.771,Gas Turbine (RPM),4600,4400.0,0
2026-05-08 11:50:14.765,Gas Turbine (RPM),4600,4350.0,0
2026-05-08 11:50:15.767,Gas Turbine (RPM),4600,4300.0,0
2026-05-08 11:50:16.765,Gas Turbine (RPM),4600,4250.0,0
2026-05-08 11:50:17.768,Gas Turbine (RPM),4600,4200.0,0
2026-05-08 11:50:18.764,Gas Turbine (RPM),4600,4150.0,0
2026-05-08 11:50:19.767,Gas Turbine (RPM),4600,4100.0,0
2026-05-08 11:50:20.765,Gas Turbine (RPM),4600,4850.0,100
2026-05-08 11:50:21.766,Gas Turbine (RPM),4600,5600.0,100
2026-05-08 11:50:22.773,Gas Turbine (RPM),4600,5550.0,0
2026-05-08 11:50:23.766,Gas Turbine (RPM),4600,5500.0,0
2026-05-08 11:50:24.767,Gas Turbine (RPM),4600,5450.0,0
2026-05-08 11:50:25.784,Gas Turbine (RPM),4600,5400.0,0
2026-05-08 11:50:26.766,Gas Turbine (RPM),4600,5350.0,0
2026-05-08 11:50:27.766,Gas Turbine (RPM),4600,5300.0,0
2026-05-08 11:50:28.764,Gas Turbine (RPM),4600,5250.0,0
2026-05-08 11:50:29.764,Gas Turbine (RPM),4600,5200.0,0
2026-05-08 11:50:30.765,Gas Turbine (RPM),4600,5150.0,0
2026-05-08 11:50:31.764,Gas Turbine (RPM),4600,5100.0,0
2026-05-08 11:50:32.763,Gas Turbine (RPM),4600,5050.0,0
2026-05-08 11:50:33.774,Gas Turbine (RPM),4600,5000.0,0
2026-05-08 11:50:34.764,Gas Turbine (RPM),4600,4950.0,0
2026-05-08 11:50:35.763,Gas Turbine (RPM),4600,4900.0,0
2026-05-08 11:50:36.764,Gas Turbine (RPM),4600,4850.0,0
2026-05-08 11:50:37.776,Gas Turbine (RPM),4600,4800.0,0
2026-05-08 11:50:38.771,Gas Turbine (RPM),4600,4750.0,0
2026-05-08 11:50:39.764,Gas Turbine (RPM),4600,4700.0,0
2026-05-08 11:50:40.764,Gas Turbine (RPM),4600,4650.0,0
2026-05-08 11:50:41.783,Gas Turbine (RPM),4600,4600.0,0
2026-05-08 11:50:42.774,Gas Turbine (RPM),4600,4550.0,0
2026-05-08 11:50:43.778,Gas Turbine (RPM),4600,4500.0,0
